playerID,Name,yearID,teamID,cluster,WAR,salary,BABIP,wOBA,ISO,K%
FG_Corey_Dickerson,Corey Dickerson,2020,UNK,0,0.1,0.4,0.283,0.308,0.144,0.1669999999999999
FG_Renato_Nunez,Renato Nunez,2019,UNK,0,0.1,0.5,0.272,0.323,0.216,0.239
FG_Josh_Bell,Josh Bell,2025,UNK,0,0.1,0.5,0.247,0.324,0.179,0.165
FG_Salvador_Perez,Salvador Perez,2018,UNK,0,0.2,1.2,0.245,0.304,0.204,0.1989999999999999
FG_Austin_Riley,Austin Riley,2020,UNK,0,0.1,0.6,0.28,0.307,0.176,0.238
FG_Nicky_Lopez,Nicky Lopez,2020,UNK,0,0.2,1.3,0.26,0.254,0.065,0.214
FG_Jason_Kipnis,Jason Kipnis,2019,UNK,0,0.4,2.8,0.265,0.301,0.166,0.172
FG_Kole_Calhoun,Kole Calhoun,2018,UNK,0,0.3,2.1,0.241,0.283,0.161,0.241
FG_Adam_Jones,Adam Jones,2018,UNK,0,0.3,2.1,0.311,0.315,0.138,0.152
FG_Randal_Grichuk,Randal Grichuk,2022,UNK,0,0.5,3.6,0.309,0.315,0.166,0.236
FG_Trey_Mancini,Trey Mancini,2018,UNK,0,0.2,1.4,0.285,0.308,0.174,0.241
FG_Nolan_Arenado,Nolan Arenado,2020,UNK,0,0.6,4.4,0.241,0.308,0.181,0.1
FG_Myles_Straw,Myles Straw,2023,UNK,0,0.2,1.4,0.295,0.268,0.058,0.187
FG_Charlie_Blackmon,Charlie Blackmon,2022,UNK,0,0.2,1.4,0.304,0.317,0.155,0.1889999999999999
FG_Hanser_Alberto,Hanser Alberto,2020,UNK,0,0.4,2.9,0.314,0.301,0.11,0.13
FG_Nomar_Mazara,Nomar Mazara,2018,UNK,0,0.6,4.4,0.298,0.324,0.178,0.216
FG_Denard_Span,Denard Span,2017,UNK,0,0.4,2.9,0.295,0.325,0.155,0.127
FG_Cesar_Hernandez,Cesar Hernandez,2022,UNK,0,0.5,3.7,0.309,0.283,0.07,0.185
FG_Brendan_Rodgers,Brendan Rodgers,2024,UNK,0,0.8,6.0,0.338,0.314,0.14,0.245
FG_David_Peralta,David Peralta,2020,UNK,0,0.9,6.8,0.361,0.333,0.133,0.206
FG_Raimel_Tapia,Raimel Tapia,2020,UNK,0,0.6,4.5,0.392,0.338,0.082,0.184
FG_Miguel_Cabrera,Miguel Cabrera,2020,UNK,0,0.3,2.2,0.283,0.323,0.167,0.221
FG_Vladimir_Guerrero_Jr.,Vladimir Guerrero Jr.,2020,UNK,0,0.3,2.2,0.282,0.338,0.199,0.156
FG_Marcus_Semien,Marcus Semien,2020,UNK,0,0.3,2.2,0.26,0.299,0.152,0.212
FG_Pavin_Smith,Pavin Smith,2021,UNK,0,0.7,5.3,0.319,0.318,0.137,0.1939999999999999
FG_Alec_Burleson,Alec Burleson,2024,UNK,0,0.7,5.3,0.276,0.319,0.152,0.128
FG_Josh_Reddick,Josh Reddick,2019,UNK,0,0.7,5.3,0.288,0.308,0.134,0.12
FG_Alex_Gordon,Alex Gordon,2019,UNK,0,0.7,5.3,0.301,0.319,0.129,0.158
FG_Mark_Reynolds,Mark Reynolds,2017,UNK,0,0.7,5.3,0.343,0.357,0.219,0.295
FG_Tommy_Pham,Tommy Pham,2021,UNK,0,1.1,8.4,0.28,0.318,0.154,0.228
FG_Maikel_Franco,Maikel Franco,2020,UNK,0,1.1,8.4,0.298,0.329,0.179,0.156
FG_Carlos_Santana,Carlos Santana,2020,UNK,0,0.8,6.1,0.212,0.316,0.15,0.1689999999999999
FG_Lourdes_Gurriel_Jr.,Lourdes Gurriel Jr.,2025,UNK,0,0.8,6.1,0.254,0.307,0.17,0.139
FG_Eddie_Rosario,Eddie Rosario,2020,UNK,0,0.8,6.1,0.248,0.333,0.219,0.147
FG_Jake_Cronenworth,Jake Cronenworth,2023,UNK,0,0.8,6.1,0.267,0.301,0.148,0.186
FG_Jesse_Winker,Jesse Winker,2022,UNK,0,0.8,6.1,0.251,0.313,0.125,0.188
FG_Carlos_Correa,Carlos Correa,2020,UNK,0,1.2,9.2,0.324,0.308,0.119,0.222
FG_Paul_Goldschmidt,Paul Goldschmidt,2024,UNK,0,1.2,9.2,0.308,0.31,0.169,0.265
FG_Justin_Turner,Justin Turner,2024,UNK,0,1.2,9.2,0.299,0.327,0.124,0.176
FG_Willy_Adames,Willy Adames,2020,UNK,0,1.2,9.2,0.388,0.347,0.222,0.361
FG_A.J._Pollock,A.J. Pollock,2020,UNK,0,1.2,9.2,0.277,0.364,0.291,0.214
FG_Asdrubal_Cabrera,Asdrubal Cabrera,2020,UNK,0,0.4,3.0,0.26,0.319,0.205,0.188
FG_Whit_Merrifield,Whit Merrifield,2022,UNK,0,1.3,10.0,0.276,0.294,0.125,0.155
FG_Aaron_Hicks,Aaron Hicks,2020,UNK,0,0.9,6.9,0.256,0.351,0.189,0.18
FG_Christian_Yelich,Christian Yelich,2020,UNK,0,0.9,6.9,0.259,0.343,0.225,0.308
FG_Lenyn_Sosa,Lenyn Sosa,2025,UNK,0,1.4,10.8,0.309,0.313,0.17,0.233
FG_C.J._Cron,C.J. Cron,2022,UNK,0,1.4,10.8,0.307,0.335,0.21,0.259
FG_Jason_Kipnis,Jason Kipnis,2018,UNK,0,1.4,10.8,0.258,0.308,0.158,0.186
FG_David_Fletcher,David Fletcher,2020,UNK,0,1.4,10.8,0.348,0.35,0.106,0.109
FG_Tommy_Edman,Tommy Edman,2020,UNK,0,1.0,7.7,0.301,0.302,0.118,0.211
FG_Spencer_Steer,Spencer Steer,2025,UNK,0,1.0,7.7,0.277,0.316,0.173,0.2269999999999999
FG_Alcides_Escobar,Alcides Escobar,2017,UNK,0,0.5,3.8,0.291,0.269,0.107,0.162
FG_Keston_Hiura,Keston Hiura,2020,UNK,0,0.5,3.8,0.273,0.304,0.198,0.346
FG_Teoscar_Hernandez,Teoscar Hernandez,2020,UNK,1,1.5,11.6,0.348,0.384,0.289,0.304
FG_Joey_Votto,Joey Votto,2020,UNK,0,0.5,3.8,0.235,0.347,0.22,0.193
FG_Cody_Bellinger,Cody Bellinger,2022,UNK,0,1.5,11.6,0.255,0.284,0.179,0.273
FG_Anthony_Rizzo,Anthony Rizzo,2020,UNK,0,1.0,7.7,0.218,0.326,0.192,0.156
FG_Spencer_Steer,Spencer Steer,2024,UNK,0,1.6,12.4,0.26,0.316,0.178,0.209
FG_Wilmer_Flores,Wilmer Flores,2020,UNK,0,1.1,8.5,0.272,0.347,0.247,0.1689999999999999
FG_Jorge_Soler,Jorge Soler,2024,UNK,0,1.1,8.5,0.293,0.34,0.201,0.246
FG_George_Springer,George Springer,2024,UNK,0,1.1,8.5,0.245,0.298,0.15,0.187
FG_Eloy_Jimenez,Eloy Jimenez,2019,UNK,0,1.1,8.5,0.308,0.343,0.246,0.266
FG_Dansby_Swanson,Dansby Swanson,2018,UNK,0,1.7,13.2,0.29,0.293,0.157,0.2289999999999999
FG_Whit_Merrifield,Whit Merrifield,2020,UNK,0,1.7,13.2,0.295,0.329,0.157,0.125
FG_Tim_Anderson,Tim Anderson,2017,UNK,0,0.6,4.6,0.328,0.288,0.145,0.267
FG_Billy_Hamilton,Billy Hamilton,2018,UNK,0,1.8,14.0,0.309,0.277,0.091,0.237
FG_Joey_Gallo,Joey Gallo,2020,UNK,0,0.6,4.6,0.24,0.297,0.197,0.35
FG_Nick_Solak,Nick Solak,2021,UNK,0,1.2,9.3,0.292,0.299,0.12,0.209
FG_J.T._Realmuto,J.T. Realmuto,2020,UNK,0,1.9,14.8,0.307,0.361,0.225,0.246
FG_Cesar_Hernandez,Cesar Hernandez,2020,UNK,0,1.9,14.8,0.364,0.335,0.124,0.218
FG_Ty_France,Ty France,2023,UNK,0,1.3,10.1,0.294,0.315,0.116,0.176
FG_Miguel_Rojas,Miguel Rojas,2019,UNK,0,1.3,10.1,0.314,0.305,0.095,0.118
FG_Edwin_Encarnacion,Edwin Encarnacion,2018,UNK,0,1.3,10.1,0.265,0.346,0.228,0.228
FG_Kevin_Pillar,Kevin Pillar,2017,UNK,0,1.3,10.1,0.28,0.302,0.148,0.15
FG_Lourdes_Gurriel_Jr.,Lourdes Gurriel Jr.,2020,UNK,0,1.3,10.1,0.351,0.372,0.226,0.214
FG_Jonathan_Schoop,Jonathan Schoop,2022,UNK,0,1.3,10.1,0.234,0.245,0.121,0.21
FG_Adam_Frazier,Adam Frazier,2022,UNK,0,1.3,10.1,0.268,0.274,0.072,0.121
FG_Christian_Vazquez,Christian Vazquez,2020,UNK,0,1.3,10.1,0.341,0.346,0.173,0.228
FG_Dansby_Swanson,Dansby Swanson,2020,UNK,0,2.1,16.4,0.35,0.348,0.19,0.2689999999999999
FG_Kole_Calhoun,Kole Calhoun,2020,UNK,0,1.4,10.9,0.211,0.362,0.3,0.2189999999999999
FG_Andrew_Benintendi,Andrew Benintendi,2019,UNK,0,1.4,10.9,0.333,0.33,0.165,0.228
FG_Brandon_Crawford,Brandon Crawford,2019,UNK,0,0.7,5.4,0.274,0.281,0.122,0.209
FG_Kevin_Pillar,Kevin Pillar,2020,UNK,0,0.7,5.4,0.335,0.341,0.173,0.184
FG_Javier_Baez,Javier Baez,2023,UNK,0,0.7,5.4,0.274,0.261,0.104,0.2289999999999999
FG_Michael_Harris_II,Michael Harris II,2025,UNK,0,1.4,10.9,0.281,0.289,0.16,0.2
FG_Tommy_Pham,Tommy Pham,2022,UNK,0,0.7,5.4,0.304,0.304,0.137,0.268
FG_Joey_Ortiz,Joey Ortiz,2025,UNK,0,1.4,10.9,0.26,0.263,0.087,0.146
FG_Tony_Kemp,Tony Kemp,2022,UNK,0,1.4,10.9,0.259,0.287,0.099,0.124
FG_Brandon_Lowe,Brandon Lowe,2020,UNK,1,2.2,17.2,0.309,0.385,0.285,0.259
FG_Maikel_Garcia,Maikel Garcia,2023,UNK,0,2.2,17.2,0.344,0.299,0.086,0.223
FG_Freddy_Galvis,Freddy Galvis,2018,UNK,0,2.2,17.2,0.304,0.294,0.133,0.2239999999999999
FG_Jose_Reyes,Jose Reyes,2017,UNK,0,1.5,11.7,0.263,0.312,0.168,0.141
FG_Andrew_McCutchen,Andrew McCutchen,2021,UNK,0,1.5,11.7,0.242,0.335,0.222,0.23
FG_Ian_Happ,Ian Happ,2021,UNK,0,1.5,11.7,0.281,0.328,0.209,0.292
FG_Myles_Straw,Myles Straw,2022,UNK,0,1.5,11.7,0.261,0.257,0.052,0.146
FG_Kyle_Seager,Kyle Seager,2021,UNK,0,2.3,18.0,0.226,0.308,0.226,0.24
FG_CJ_Abrams,CJ Abrams,2023,UNK,0,2.3,18.0,0.279,0.306,0.167,0.192
FG_Jonathan_India,Jonathan India,2023,UNK,0,1.6,12.5,0.281,0.327,0.163,0.206
FG_Josh_Bell,Josh Bell,2018,UNK,0,1.6,12.5,0.305,0.336,0.15,0.178
FG_Alex_Verdugo,Alex Verdugo,2020,UNK,0,1.6,12.5,0.371,0.362,0.169,0.204
FG_Rafael_Devers,Rafael Devers,2020,UNK,0,0.8,6.2,0.325,0.337,0.22,0.27
FG_Victor_Reyes,Victor Reyes,2020,UNK,0,0.8,6.2,0.34,0.307,0.114,0.211
FG_Franmil_Reyes,Franmil Reyes,2020,UNK,0,0.8,6.2,0.355,0.341,0.175,0.286
FG_Mike_Trout,Mike Trout,2020,UNK,1,2.4,18.8,0.3,0.407,0.322,0.2319999999999999
FG_Ryan_McMahon,Ryan McMahon,2021,UNK,0,2.5,19.6,0.306,0.334,0.195,0.247
FG_Luis_Rengifo,Luis Rengifo,2022,UNK,0,1.7,13.3,0.285,0.314,0.166,0.155
FG_Josh_Jung,Josh Jung,2025,UNK,0,1.7,13.3,0.316,0.298,0.139,0.252
FG_Eddie_Rosario,Eddie Rosario,2017,UNK,0,2.6,20.4,0.312,0.349,0.218,0.18
FG_Trent_Grisham,Trent Grisham,2021,UNK,0,2.6,20.4,0.292,0.32,0.171,0.226
FG_Brice_Turang,Brice Turang,2024,UNK,0,2.6,20.4,0.3,0.294,0.095,0.17
FG_Miguel_Sano,Miguel Sano,2021,UNK,0,0.9,7.0,0.291,0.332,0.243,0.344
FG_Eric_Hosmer,Eric Hosmer,2021,UNK,0,0.9,7.0,0.313,0.319,0.126,0.175
FG_Donovan_Solano,Donovan Solano,2020,UNK,0,0.9,7.0,0.396,0.357,0.137,0.192
FG_Kyle_Seager,Kyle Seager,2020,UNK,0,1.8,14.1,0.24,0.338,0.192,0.133
FG_Josh_Rojas,Josh Rojas,2021,UNK,0,1.8,14.1,0.345,0.327,0.147,0.249
FG_Josh_Smith,Josh Smith,2025,UNK,0,1.8,14.1,0.295,0.311,0.115,0.178
FG_Carlos_Santana,Carlos Santana,2022,UNK,0,0.9,7.0,0.209,0.308,0.174,0.174
FG_Jed_Lowrie,Jed Lowrie,2021,UNK,0,0.9,7.0,0.289,0.311,0.153,0.211
FG_Jordan_Beck,Jordan Beck,2025,UNK,0,0.9,7.0,0.351,0.319,0.158,0.296
FG_Tim_Beckham,Tim Beckham,2017,UNK,0,2.8,22.0,0.365,0.334,0.176,0.29
FG_Yuli_Gurriel,Yuli Gurriel,2018,UNK,0,1.9,14.9,0.306,0.323,0.138,0.11
FG_CJ_Abrams,CJ Abrams,2024,UNK,0,1.9,14.9,0.285,0.322,0.187,0.213
FG_Jose_Abreu,Jose Abreu,2019,UNK,0,1.9,14.9,0.32,0.344,0.219,0.2189999999999999
FG_George_Springer,George Springer,2023,UNK,0,1.9,14.9,0.291,0.32,0.147,0.183
FG_Jorge_Soler,Jorge Soler,2023,UNK,0,1.9,14.9,0.272,0.361,0.262,0.243
FG_Alex_Verdugo,Alex Verdugo,2021,UNK,0,1.9,14.9,0.327,0.334,0.138,0.159
FG_Brendan_Donovan,Brendan Donovan,2025,UNK,0,2.9,22.8,0.315,0.337,0.135,0.13
FG_George_Springer,George Springer,2020,UNK,0,2.0,15.7,0.259,0.379,0.275,0.171
FG_Javier_Baez,Javier Baez,2022,UNK,0,2.0,15.7,0.292,0.291,0.155,0.249
FG_Shea_Langeliers,Shea Langeliers,2024,UNK,0,2.0,15.7,0.252,0.315,0.226,0.272
FG_Jonathan_Villar,Jonathan Villar,2021,UNK,0,2.0,15.7,0.313,0.32,0.167,0.261
FG_Trey_Mancini,Trey Mancini,2022,UNK,0,1.0,7.8,0.286,0.312,0.152,0.23
FG_Tommy_Edman,Tommy Edman,2021,UNK,0,3.0,23.6,0.291,0.301,0.125,0.1369999999999999
FG_Seiya_Suzuki,Seiya Suzuki,2023,UNK,1,3.1,24.4,0.341,0.358,0.2,0.223
FG_Josh_Bell,Josh Bell,2019,UNK,1,3.1,24.4,0.288,0.378,0.292,0.192
FG_Christian_Walker,Christian Walker,2024,UNK,0,3.1,24.4,0.287,0.343,0.217,0.241
FG_Amed_Rosario,Amed Rosario,2022,UNK,0,3.1,24.4,0.326,0.311,0.121,0.166
FG_Paul_Goldschmidt,Paul Goldschmidt,2020,UNK,1,2.1,16.5,0.364,0.387,0.162,0.186
FG_Jake_Cronenworth,Jake Cronenworth,2024,UNK,0,2.1,16.5,0.274,0.315,0.149,0.18
FG_Pete_Alonso,Pete Alonso,2024,UNK,0,2.1,16.5,0.276,0.34,0.219,0.247
FG_Alex_Verdugo,Alex Verdugo,2022,UNK,0,1.1,8.6,0.309,0.319,0.125,0.134
FG_Ian_Happ,Ian Happ,2023,UNK,0,3.3,26.0,0.299,0.345,0.183,0.221
FG_Adam_Frazier,Adam Frazier,2021,UNK,0,3.3,26.0,0.339,0.341,0.106,0.108
FG_Cesar_Hernandez,Cesar Hernandez,2018,UNK,0,2.2,17.3,0.315,0.32,0.109,0.2189999999999999
FG_James_Wood,James Wood,2025,UNK,1,3.3,26.0,0.35,0.353,0.219,0.321
FG_Josh_Bell,Josh Bell,2021,UNK,0,2.2,17.3,0.276,0.352,0.215,0.178
FG_J.D._Davis,J.D. Davis,2023,UNK,0,2.2,17.3,0.32,0.321,0.165,0.278
FG_Trevor_Story,Trevor Story,2021,UNK,0,2.2,17.3,0.293,0.341,0.221,0.2339999999999999
FG_Joey_Gallo,Joey Gallo,2018,UNK,0,2.2,17.3,0.249,0.343,0.292,0.359
FG_Max_Kepler,Max Kepler,2018,UNK,0,2.3,18.1,0.236,0.316,0.184,0.157
FG_Nick_Castellanos,Nick Castellanos,2019,UNK,1,2.3,18.1,0.337,0.357,0.236,0.215
FG_Josh_Naylor,Josh Naylor,2024,UNK,0,2.3,18.1,0.246,0.332,0.213,0.166
FG_Bryce_Harper,Bryce Harper,2023,UNK,1,3.5,27.6,0.352,0.384,0.206,0.218
FG_Seiya_Suzuki,Seiya Suzuki,2024,UNK,1,3.5,27.6,0.37,0.365,0.199,0.2739999999999999
FG_Wilson_Ramos,Wilson Ramos,2019,UNK,0,1.2,9.4,0.31,0.327,0.129,0.132
FG_Kyle_Manzardo,Kyle Manzardo,2025,UNK,0,1.2,9.4,0.265,0.329,0.221,0.254
FG_Kyle_Seager,Kyle Seager,2017,UNK,0,3.6,28.4,0.262,0.326,0.201,0.1689999999999999
FG_Ronald_Acuna_Jr.,Ronald Acuna Jr.,2022,UNK,0,2.4,18.9,0.331,0.335,0.148,0.236
FG_Trent_Grisham,Trent Grisham,2020,UNK,0,2.4,18.9,0.31,0.349,0.205,0.254
FG_Justin_Turner,Justin Turner,2023,UNK,0,1.2,9.4,0.304,0.346,0.179,0.176
FG_Enrique_Hernandez,Enrique Hernandez,2021,UNK,0,3.7,29.2,0.278,0.338,0.199,0.188
FG_Steven_Souza_Jr.,Steven Souza Jr.,2017,UNK,1,3.7,29.2,0.302,0.348,0.22,0.29
FG_Gleyber_Torres,Gleyber Torres,2023,UNK,0,3.7,29.2,0.288,0.346,0.18,0.146
FG_Tommy_Pham,Tommy Pham,2018,UNK,1,3.7,29.2,0.342,0.359,0.188,0.246
FG_Starlin_Castro,Starlin Castro,2019,UNK,0,2.5,19.7,0.293,0.307,0.165,0.1639999999999999
FG_Jean_Segura,Jean Segura,2020,UNK,0,1.3,10.2,0.314,0.333,0.156,0.207
FG_DJ_LeMahieu,DJ LeMahieu,2023,UNK,0,1.3,10.2,0.295,0.315,0.147,0.222
FG_Charlie_Blackmon,Charlie Blackmon,2018,UNK,1,2.6,20.5,0.329,0.368,0.211,0.193
FG_Robbie_Grossman,Robbie Grossman,2021,UNK,0,2.6,20.5,0.286,0.337,0.176,0.231
FG_Julio_Rodriguez,Julio Rodriguez,2024,UNK,0,4.0,31.6,0.344,0.321,0.136,0.254
FG_Freddie_Freeman,Freddie Freeman,2024,UNK,1,4.0,31.6,0.306,0.365,0.194,0.157
FG_Justin_Upton,Justin Upton,2018,UNK,0,2.7,21.3,0.321,0.348,0.206,0.287
FG_Jacob_Young,Jacob Young,2024,UNK,0,2.7,21.3,0.321,0.29,0.075,0.196
FG_Jack_Suwinski,Jack Suwinski,2023,UNK,0,2.7,21.3,0.29,0.341,0.23,0.322
FG_Manny_Machado,Manny Machado,2020,UNK,1,2.7,21.3,0.297,0.391,0.277,0.146
FG_Willson_Contreras,Willson Contreras,2025,UNK,0,2.8,22.1,0.319,0.344,0.19,0.252
FG_Trea_Turner,Trea Turner,2020,UNK,1,2.8,22.1,0.353,0.413,0.253,0.139
FG_Dominic_Smith,Dominic Smith,2020,UNK,1,1.4,11.0,0.368,0.412,0.299,0.226
FG_Alec_Bohm,Alec Bohm,2023,UNK,0,1.4,11.0,0.296,0.329,0.163,0.154
FG_Cavan_Biggio,Cavan Biggio,2020,UNK,0,1.4,11.0,0.311,0.355,0.182,0.23
FG_Gleyber_Torres,Gleyber Torres,2021,UNK,0,1.4,11.0,0.314,0.307,0.107,0.2019999999999999
FG_Lane_Thomas,Lane Thomas,2022,UNK,0,1.4,11.0,0.291,0.308,0.163,0.241
FG_Lane_Thomas,Lane Thomas,2024,UNK,0,1.4,11.0,0.298,0.309,0.163,0.259
FG_Alex_Bregman,Alex Bregman,2024,UNK,0,4.2,33.2,0.264,0.331,0.193,0.136
FG_Andres_Gimenez,Andres Gimenez,2024,UNK,0,2.8,22.1,0.286,0.281,0.087,0.153
FG_Chris_Taylor,Chris Taylor,2021,UNK,0,2.8,22.1,0.337,0.338,0.183,0.287
FG_Adolis_Garcia,Adolis Garcia,2021,UNK,0,2.8,22.1,0.306,0.314,0.212,0.312
FG_Jorge_Mateo,Jorge Mateo,2022,UNK,0,2.8,22.1,0.286,0.281,0.158,0.276
FG_Andrew_Benintendi,Andrew Benintendi,2018,UNK,1,4.4,34.8,0.328,0.357,0.174,0.16
FG_Yainer_Diaz,Yainer Diaz,2024,UNK,0,3.0,23.7,0.338,0.329,0.142,0.173
FG_Eloy_Jimenez,Eloy Jimenez,2020,UNK,1,1.5,11.8,0.34,0.373,0.263,0.248
FG_Logan_Morrison,Logan Morrison,2017,UNK,1,3.0,23.7,0.268,0.363,0.27,0.248
FG_Cesar_Hernandez,Cesar Hernandez,2021,UNK,0,1.5,11.8,0.266,0.302,0.154,0.212
FG_DJ_LeMahieu,DJ LeMahieu,2022,UNK,0,3.1,24.5,0.285,0.329,0.116,0.131
FG_J.P._Crawford,J.P. Crawford,2021,UNK,0,3.1,24.5,0.32,0.314,0.103,0.166
FG_Tyler_Stephenson,Tyler Stephenson,2024,UNK,0,3.1,24.5,0.307,0.339,0.186,0.2269999999999999
FG_Joey_Votto,Joey Votto,2018,UNK,1,3.1,24.5,0.333,0.37,0.135,0.162
FG_Ryan_McMahon,Ryan McMahon,2022,UNK,0,3.1,24.5,0.311,0.326,0.168,0.265
FG_J.T._Realmuto,J.T. Realmuto,2018,UNK,1,4.7,37.2,0.312,0.353,0.208,0.196
FG_David_Peralta,David Peralta,2017,UNK,0,1.6,12.6,0.333,0.342,0.15,0.163
FG_Jackie_Bradley_Jr.,Jackie Bradley Jr.,2020,UNK,0,1.6,12.6,0.343,0.352,0.168,0.221
FG_Yainer_Diaz,Yainer Diaz,2025,UNK,0,1.6,12.6,0.277,0.3,0.161,0.168
FG_Zach_McKinstry,Zach McKinstry,2025,UNK,0,3.2,25.3,0.314,0.333,0.179,0.217
FG_Trent_Grisham,Trent Grisham,2025,UNK,0,3.2,25.3,0.253,0.353,0.229,0.236
FG_Asdrubal_Cabrera,Asdrubal Cabrera,2018,UNK,0,3.2,25.3,0.296,0.332,0.196,0.201
FG_Hunter_Dozier,Hunter Dozier,2019,UNK,1,3.2,25.3,0.339,0.36,0.243,0.253
FG_Johan_Camargo,Johan Camargo,2018,UNK,0,3.2,25.3,0.315,0.346,0.185,0.206
FG_Didi_Gregorius,Didi Gregorius,2018,UNK,0,3.3,26.1,0.259,0.35,0.226,0.121
FG_Xander_Bogaerts,Xander Bogaerts,2017,UNK,0,3.3,26.1,0.327,0.321,0.13,0.183
FG_Kolten_Wong,Kolten Wong,2019,UNK,0,3.3,26.1,0.321,0.334,0.138,0.151
FG_Eddie_Rosario,Eddie Rosario,2018,UNK,0,3.3,26.1,0.316,0.34,0.191,0.176
FG_Isaac_Paredes,Isaac Paredes,2024,UNK,0,3.4,26.9,0.259,0.327,0.155,0.1639999999999999
FG_Curtis_Granderson,Curtis Granderson,2017,UNK,0,1.7,13.4,0.228,0.33,0.241,0.233
FG_Willson_Contreras,Willson Contreras,2020,UNK,0,1.7,13.4,0.307,0.336,0.164,0.253
FG_Ezequiel_Tovar,Ezequiel Tovar,2023,UNK,0,1.7,13.4,0.328,0.298,0.155,0.27
FG_Jacob_Wilson,Jacob Wilson,2025,UNK,0,3.5,27.7,0.317,0.348,0.134,0.075
FG_Tommy_Edman,Tommy Edman,2022,UNK,1,5.4,42.8,0.308,0.318,0.135,0.176
FG_Triston_Casas,Triston Casas,2023,UNK,0,1.8,14.2,0.317,0.367,0.226,0.251
FG_Ryan_McMahon,Ryan McMahon,2023,UNK,0,1.8,14.2,0.326,0.325,0.191,0.316
FG_Jose_Martinez,Jose Martinez,2018,UNK,0,1.8,14.2,0.351,0.356,0.152,0.176
FG_Bryson_Stott,Bryson Stott,2024,UNK,0,1.8,14.2,0.275,0.296,0.111,0.163
FG_Brenton_Doyle,Brenton Doyle,2024,UNK,0,3.6,28.5,0.316,0.328,0.186,0.254
FG_Corey_Seager,Corey Seager,2019,UNK,1,3.6,28.5,0.303,0.34,0.211,0.181
FG_Ian_Happ,Ian Happ,2024,UNK,1,3.6,28.5,0.299,0.341,0.199,0.256
FG_Nicky_Lopez,Nicky Lopez,2021,UNK,1,5.5,43.6,0.347,0.329,0.078,0.131
FG_Juan_Soto,Juan Soto,2022,UNK,1,3.7,29.3,0.249,0.376,0.21,0.145
FG_Ezequiel_Tovar,Ezequiel Tovar,2024,UNK,1,3.7,29.3,0.344,0.324,0.2,0.288
FG_Ozzie_Albies,Ozzie Albies,2021,UNK,1,3.7,29.3,0.278,0.336,0.229,0.187
FG_Marcell_Ozuna,Marcell Ozuna,2017,UNK,1,5.6,44.4,0.355,0.388,0.237,0.212
FG_Eduardo_Escobar,Eduardo Escobar,2022,UNK,0,1.9,15.0,0.281,0.311,0.19,0.238
FG_Jorge_Polanco,Jorge Polanco,2017,UNK,0,1.9,15.0,0.278,0.309,0.154,0.143
FG_Nelson_Cruz,Nelson Cruz,2021,UNK,0,1.9,15.0,0.286,0.346,0.232,0.216
FG_Manny_Machado,Manny Machado,2025,UNK,1,3.8,30.1,0.307,0.341,0.185,0.193
FG_Nolan_Arenado,Nolan Arenado,2017,UNK,1,5.8,46.0,0.32,0.395,0.277,0.156
FG_Max_Kepler,Max Kepler,2019,UNK,1,3.9,30.9,0.244,0.355,0.267,0.166
FG_Jose_Altuve,Jose Altuve,2024,UNK,1,3.9,30.9,0.337,0.344,0.145,0.174
FG_Jeimer_Candelario,Jeimer Candelario,2021,UNK,1,3.9,30.9,0.333,0.344,0.172,0.216
FG_Matt_Chapman,Matt Chapman,2022,UNK,0,3.9,30.9,0.277,0.331,0.204,0.2739999999999999
FG_Trea_Turner,Trea Turner,2024,UNK,1,3.9,30.9,0.331,0.349,0.174,0.182
FG_Austin_Riley,Austin Riley,2022,UNK,1,5.9,46.8,0.315,0.377,0.255,0.242
FG_Marcus_Semien,Marcus Semien,2021,UNK,1,6.0,47.6,0.276,0.368,0.273,0.2019999999999999
FG_Nolan_Arenado,Nolan Arenado,2018,UNK,1,6.0,47.6,0.314,0.391,0.264,0.181
FG_Andrew_McCutchen,Andrew McCutchen,2018,UNK,0,2.0,15.8,0.304,0.347,0.169,0.213
FG_Elvis_Andrus,Elvis Andrus,2019,UNK,0,2.0,15.8,0.305,0.3,0.118,0.148
FG_J.D._Martinez,J.D. Martinez,2019,UNK,1,4.0,31.7,0.342,0.386,0.252,0.21
FG_Ozzie_Albies,Ozzie Albies,2018,UNK,0,4.0,31.7,0.285,0.324,0.191,0.17
FG_Yuli_Gurriel,Yuli Gurriel,2017,UNK,0,2.0,15.8,0.308,0.344,0.187,0.11
FG_Trevor_Story,Trevor Story,2020,UNK,1,2.0,15.8,0.354,0.37,0.23,0.243
FG_Ian_Happ,Ian Happ,2020,UNK,1,2.0,15.8,0.317,0.369,0.247,0.273
FG_Lorenzo_Cain,Lorenzo Cain,2018,UNK,1,6.0,47.6,0.357,0.359,0.109,0.152
FG_Wyatt_Langford,Wyatt Langford,2025,UNK,1,4.1,32.5,0.299,0.337,0.19,0.264
FG_Starling_Marte,Starling Marte,2018,UNK,1,4.1,32.5,0.312,0.337,0.182,0.18
FG_Andy_Pages,Andy Pages,2025,UNK,1,4.1,32.5,0.308,0.332,0.189,0.216
FG_Brandon_Nimmo,Brandon Nimmo,2023,UNK,1,4.2,33.3,0.324,0.359,0.193,0.214
FG_Orlando_Arcia,Orlando Arcia,2017,UNK,0,2.1,16.6,0.317,0.309,0.13,0.182
FG_Cody_Bellinger,Cody Bellinger,2024,UNK,0,2.1,16.6,0.287,0.322,0.161,0.156
FG_Nick_Castellanos,Nick Castellanos,2017,UNK,0,2.1,16.6,0.313,0.341,0.218,0.214
FG_Kyle_Lewis,Kyle Lewis,2020,UNK,0,2.1,16.6,0.341,0.349,0.175,0.293
FG_Francisco_Lindor,Francisco Lindor,2022,UNK,1,6.4,50.8,0.301,0.342,0.179,0.188
FG_Austin_Meadows,Austin Meadows,2019,UNK,1,4.3,34.1,0.331,0.38,0.268,0.222
FG_Nolan_Arenado,Nolan Arenado,2021,UNK,1,4.3,34.1,0.249,0.336,0.239,0.147
FG_Jose_Ramirez,Jose Ramirez,2024,UNK,1,6.5,51.6,0.265,0.364,0.258,0.12
FG_Bryan_Reynolds,Bryan Reynolds,2024,UNK,0,2.2,17.4,0.33,0.343,0.172,0.225
FG_Kevin_Newman,Kevin Newman,2019,UNK,0,2.2,17.4,0.333,0.339,0.138,0.1169999999999999
FG_Jonathan_Schoop,Jonathan Schoop,2021,UNK,0,2.2,17.4,0.317,0.324,0.157,0.1969999999999999
FG_Kris_Bryant,Kris Bryant,2019,UNK,1,4.4,34.9,0.331,0.379,0.239,0.2289999999999999
FG_Anthony_Rizzo,Anthony Rizzo,2021,UNK,0,2.2,17.4,0.258,0.339,0.192,0.151
FG_Marcus_Semien,Marcus Semien,2022,UNK,0,4.4,34.9,0.263,0.317,0.181,0.166
FG_Elly_De_La_Cruz,Elly De La Cruz,2024,UNK,1,6.6,52.4,0.359,0.349,0.212,0.313
FG_J.T._Realmuto,J.T. Realmuto,2022,UNK,1,6.7,53.2,0.318,0.354,0.202,0.212
FG_Bryce_Harper,Bryce Harper,2021,UNK,1,6.7,53.2,0.359,0.431,0.305,0.2239999999999999
FG_J.T._Realmuto,J.T. Realmuto,2017,UNK,1,4.5,35.7,0.318,0.332,0.173,0.183
FG_Brandon_Lowe,Brandon Lowe,2021,UNK,1,4.5,35.7,0.28,0.363,0.277,0.272
FG_Adam_Duvall,Adam Duvall,2021,UNK,0,2.3,18.2,0.26,0.324,0.263,0.314
FG_Junior_Caminero,Junior Caminero,2025,UNK,1,4.6,36.5,0.26,0.357,0.271,0.191
FG_Matt_Joyce,Matt Joyce,2017,UNK,0,2.3,18.2,0.263,0.343,0.23,0.208
FG_Jake_Burger,Jake Burger,2023,UNK,0,2.3,18.2,0.284,0.349,0.268,0.276
FG_Gunnar_Henderson,Gunnar Henderson,2023,UNK,1,4.7,37.3,0.306,0.346,0.234,0.256
FG_Adolis_Garcia,Adolis Garcia,2023,UNK,1,4.7,37.3,0.28,0.354,0.263,0.2769999999999999
FG_Evan_Longoria,Evan Longoria,2017,UNK,0,2.4,19.0,0.282,0.312,0.163,0.161
FG_Rougned_Odor,Rougned Odor,2018,UNK,0,2.4,19.0,0.305,0.325,0.171,0.237
FG_Gunnar_Henderson,Gunnar Henderson,2025,UNK,1,4.8,38.1,0.329,0.339,0.165,0.21
FG_Jared_Walsh,Jared Walsh,2021,UNK,1,2.4,19.0,0.335,0.357,0.232,0.26
FG_Carlos_Santana,Carlos Santana,2019,UNK,1,4.8,38.1,0.293,0.38,0.234,0.157
FG_Andrelton_Simmons,Andrelton Simmons,2017,UNK,1,4.8,38.1,0.291,0.323,0.143,0.104
FG_Kyle_Tucker,Kyle Tucker,2022,UNK,1,4.9,38.9,0.261,0.348,0.221,0.156
FG_Bo_Bichette,Bo Bichette,2021,UNK,1,4.9,38.9,0.339,0.354,0.186,0.1989999999999999
FG_Manuel_Margot,Manuel Margot,2017,UNK,0,2.5,19.8,0.309,0.309,0.146,0.2
FG_Anthony_Rizzo,Anthony Rizzo,2022,UNK,0,2.5,19.8,0.216,0.352,0.256,0.184
FG_Matt_Olson,Matt Olson,2021,UNK,1,5.0,39.7,0.269,0.379,0.269,0.168
FG_Austin_Riley,Austin Riley,2023,UNK,1,5.2,41.3,0.324,0.363,0.234,0.241
FG_Yoan_Moncada,Yoan Moncada,2019,UNK,1,5.2,41.3,0.406,0.379,0.233,0.275
FG_Gio_Urshela,Gio Urshela,2022,UNK,0,2.6,20.6,0.326,0.332,0.144,0.174
FG_Hunter_Renfroe,Hunter Renfroe,2021,UNK,0,2.6,20.6,0.284,0.344,0.242,0.2269999999999999
FG_Gleyber_Torres,Gleyber Torres,2025,UNK,0,2.6,20.6,0.284,0.332,0.132,0.161
FG_Didi_Gregorius,Didi Gregorius,2017,UNK,0,2.6,20.6,0.287,0.335,0.191,0.123
FG_Yasiel_Puig,Yasiel Puig,2017,UNK,0,2.6,20.6,0.274,0.349,0.224,0.175
FG_Yasmani_Grandal,Yasmani Grandal,2018,UNK,1,5.3,42.1,0.278,0.352,0.225,0.239
FG_Charlie_Blackmon,Charlie Blackmon,2017,UNK,1,5.5,43.7,0.371,0.414,0.27,0.186
FG_Thairo_Estrada,Thairo Estrada,2022,UNK,0,2.8,22.2,0.29,0.317,0.139,0.165
FG_Nathaniel_Lowe,Nathaniel Lowe,2023,UNK,0,2.8,22.2,0.329,0.34,0.152,0.228
FG_Brian_Anderson,Brian Anderson,2019,UNK,0,2.8,22.2,0.305,0.342,0.207,0.2189999999999999
FG_Cesar_Hernandez,Cesar Hernandez,2017,UNK,0,2.8,22.2,0.353,0.346,0.127,0.18
FG_Brandon_Nimmo,Brandon Nimmo,2024,UNK,0,2.8,22.2,0.267,0.321,0.175,0.238
FG_TJ_Friedl,TJ Friedl,2025,UNK,0,2.9,23.0,0.301,0.333,0.117,0.168
FG_Yandy_Diaz,Yandy Diaz,2025,UNK,1,2.9,23.0,0.318,0.364,0.182,0.141
FG_J.D._Martinez,J.D. Martinez,2018,UNK,1,5.9,46.9,0.375,0.427,0.299,0.225
FG_Freddie_Freeman,Freddie Freeman,2020,UNK,1,3.0,23.8,0.366,0.456,0.299,0.141
FG_Francisco_Lindor,Francisco Lindor,2019,UNK,1,6.1,48.5,0.291,0.349,0.234,0.15
FG_Ronald_Acuna_Jr.,Ronald Acuna Jr.,2023,UNK,1,9.2,73.2,0.338,0.428,0.258,0.114
FG_Myles_Straw,Myles Straw,2021,UNK,0,3.1,24.6,0.336,0.311,0.076,0.19
FG_Wyatt_Langford,Wyatt Langford,2024,UNK,0,3.1,24.6,0.296,0.321,0.162,0.206
FG_Brendan_Donovan,Brendan Donovan,2024,UNK,0,3.2,25.4,0.3,0.332,0.14,0.124
FG_Steven_Kwan,Steven Kwan,2025,UNK,0,3.2,25.4,0.283,0.31,0.102,0.087
FG_George_Springer,George Springer,2018,UNK,0,3.2,25.4,0.303,0.34,0.169,0.1969999999999999
FG_Yordan_Alvarez,Yordan Alvarez,2022,UNK,1,6.4,50.9,0.32,0.427,0.306,0.1889999999999999
FG_Rafael_Devers,Rafael Devers,2019,UNK,1,6.5,51.7,0.339,0.377,0.244,0.17
FG_Marcus_Semien,Marcus Semien,2023,UNK,1,6.5,51.7,0.291,0.354,0.201,0.146
FG_Anthony_Rizzo,Anthony Rizzo,2018,UNK,0,3.3,26.2,0.287,0.359,0.187,0.12
FG_Yuli_Gurriel,Yuli Gurriel,2021,UNK,1,3.3,26.2,0.336,0.363,0.143,0.1119999999999999
FG_Whit_Merrifield,Whit Merrifield,2019,UNK,0,3.3,26.2,0.35,0.34,0.16,0.171
FG_Luis_Arraez,Luis Arraez,2023,UNK,1,3.4,27.0,0.362,0.369,0.115,0.055
FG_Brett_Gardner,Brett Gardner,2019,UNK,1,3.4,27.0,0.265,0.344,0.253,0.196
FG_DJ_LeMahieu,DJ LeMahieu,2017,UNK,0,3.4,27.0,0.351,0.342,0.099,0.132
FG_Anthony_Rendon,Anthony Rendon,2019,UNK,1,6.8,54.1,0.323,0.413,0.279,0.133
FG_Jose_Altuve,Jose Altuve,2022,UNK,1,6.9,54.9,0.315,0.397,0.233,0.144
FG_Trey_Mancini,Trey Mancini,2019,UNK,1,3.5,27.8,0.326,0.373,0.244,0.211
FG_Bryce_Harper,Bryce Harper,2025,UNK,1,3.5,27.8,0.292,0.361,0.226,0.209
FG_Jose_Ramirez,Jose Ramirez,2019,UNK,0,3.5,27.8,0.256,0.334,0.224,0.1369999999999999
FG_Yordan_Alvarez,Yordan Alvarez,2021,UNK,1,3.5,27.8,0.32,0.369,0.253,0.242
FG_Eugenio_Suarez,Eugenio Suarez,2023,UNK,0,3.5,27.8,0.314,0.313,0.159,0.308
FG_Sal_Frelick,Sal Frelick,2025,UNK,0,3.6,28.6,0.317,0.332,0.117,0.135
FG_Starling_Marte,Starling Marte,2019,UNK,1,3.7,29.4,0.319,0.353,0.208,0.16
FG_David_Peralta,David Peralta,2018,UNK,1,3.8,30.2,0.328,0.368,0.223,0.2019999999999999
FG_Giancarlo_Stanton,Giancarlo Stanton,2018,UNK,1,3.8,30.2,0.333,0.36,0.243,0.299
FG_Christian_Yelich,Christian Yelich,2023,UNK,1,3.8,30.2,0.342,0.353,0.169,0.222
FG_Miguel_Andujar,Miguel Andujar,2018,UNK,1,3.9,31.0,0.316,0.361,0.23,0.16
FG_Bo_Bichette,Bo Bichette,2023,UNK,1,3.9,31.0,0.355,0.349,0.168,0.191
FG_Randy_Arozarena,Randy Arozarena,2021,UNK,1,3.9,31.0,0.363,0.35,0.185,0.281
FG_Zack_Cozart,Zack Cozart,2017,UNK,1,4.2,33.4,0.312,0.392,0.251,0.154
FG_Alejandro_Kirk,Alejandro Kirk,2022,UNK,1,4.3,34.2,0.299,0.347,0.13,0.107
FG_Max_Muncy,Max Muncy,2019,UNK,1,4.4,35.0,0.283,0.372,0.265,0.253
FG_Cody_Bellinger,Cody Bellinger,2023,UNK,1,4.4,35.0,0.319,0.37,0.218,0.156
FG_Freddie_Freeman,Freddie Freeman,2019,UNK,1,4.4,35.0,0.318,0.387,0.255,0.184
FG_Manny_Machado,Manny Machado,2021,UNK,1,4.5,35.8,0.29,0.35,0.211,0.159
FG_Cal_Raleigh,Cal Raleigh,2025,UNK,1,9.1,72.5,0.248,0.392,0.342,0.267
FG_Carlos_Correa,Carlos Correa,2022,UNK,1,4.6,36.6,0.339,0.362,0.176,0.205
FG_Freddie_Freeman,Freddie Freeman,2021,UNK,1,4.7,37.4,0.321,0.379,0.203,0.154
FG_Steven_Kwan,Steven Kwan,2022,UNK,1,4.7,37.4,0.323,0.341,0.101,0.094
FG_Alejandro_Kirk,Alejandro Kirk,2025,UNK,1,4.7,37.4,0.292,0.334,0.14,0.1169999999999999
FG_Yandy_Diaz,Yandy Diaz,2023,UNK,1,5.0,39.8,0.367,0.402,0.192,0.157
FG_Jose_Altuve,Jose Altuve,2019,UNK,1,5.0,39.8,0.303,0.374,0.252,0.15
FG_Jed_Lowrie,Jed Lowrie,2018,UNK,1,5.1,40.6,0.304,0.347,0.181,0.188
FG_Pete_Crow-Armstrong,Pete Crow-Armstrong,2025,UNK,1,5.4,43.0,0.276,0.323,0.234,0.24
FG_Anthony_Rendon,Anthony Rendon,2018,UNK,1,5.5,43.8,0.323,0.383,0.227,0.1369999999999999
FG_Brandon_Nimmo,Brandon Nimmo,2022,UNK,1,5.5,43.8,0.317,0.353,0.159,0.172
FG_Jose_Ramirez,Jose Ramirez,2022,UNK,1,6.0,47.8,0.279,0.363,0.235,0.12
FG_Juan_Soto,Juan Soto,2023,UNK,1,6.2,49.4,0.296,0.395,0.245,0.182
FG_Francisco_Lindor,Francisco Lindor,2025,UNK,1,6.3,50.2,0.288,0.35,0.199,0.179
FG_Matt_Chapman,Matt Chapman,2018,UNK,1,6.4,51.0,0.338,0.369,0.23,0.237
FG_Corey_Seager,Corey Seager,2023,UNK,1,6.4,51.0,0.34,0.419,0.296,0.1639999999999999
FG_Trea_Turner,Trea Turner,2025,UNK,1,6.7,53.4,0.35,0.352,0.153,0.1669999999999999
FG_Mike_Trout,Mike Trout,2017,UNK,1,6.8,54.2,0.318,0.437,0.323,0.178
FG_Geraldo_Perdomo,Geraldo Perdomo,2025,UNK,1,7.1,56.6,0.303,0.37,0.173,0.115
FG_Shohei_Ohtani,Shohei Ohtani,2025,UNK,1,7.5,59.8,0.315,0.418,0.34,0.257
FG_Christian_Yelich,Christian Yelich,2018,UNK,1,7.7,61.4,0.373,0.422,0.272,0.207
FG_Cody_Bellinger,Cody Bellinger,2019,UNK,1,7.8,62.2,0.302,0.415,0.324,0.1639999999999999
FG_Mitch_Moreland,Mitch Moreland,2017,UNK,0,0.9,7.1,0.278,0.326,0.197,0.208
FG_Miguel_Rojas,Miguel Rojas,2022,UNK,0,1.1,8.7,0.258,0.268,0.087,0.12
FG_Juan_Soto,Juan Soto,2024,UNK,1,8.3,66.3,0.298,0.421,0.281,0.1669999999999999
FG_Xander_Bogaerts,Xander Bogaerts,2020,UNK,0,1.6,12.7,0.329,0.368,0.202,0.182
FG_Oneil_Cruz,Oneil Cruz,2025,UNK,0,1.6,12.7,0.262,0.295,0.178,0.32
FG_Kyle_Schwarber,Kyle Schwarber,2023,UNK,0,0.9,7.1,0.209,0.35,0.277,0.299
FG_Bryan_Reynolds,Bryan Reynolds,2025,UNK,0,1.1,8.7,0.319,0.315,0.157,0.265
FG_Yonder_Alonso,Yonder Alonso,2018,UNK,0,0.1,0.7,0.283,0.319,0.171,0.214
FG_Paul_Goldschmidt,Paul Goldschmidt,2025,UNK,0,0.8,6.3,0.325,0.316,0.129,0.187
FG_Joey_Votto,Joey Votto,2019,UNK,0,0.8,6.3,0.313,0.332,0.15,0.2019999999999999
FG_Teoscar_Hernandez,Teoscar Hernandez,2018,UNK,0,0.9,7.1,0.313,0.328,0.229,0.312
FG_Luis_Arraez,Luis Arraez,2025,UNK,0,0.9,7.1,0.289,0.313,0.1,0.031
FG_Mookie_Betts,Mookie Betts,2022,UNK,1,6.0,47.9,0.272,0.373,0.264,0.163
FG_Nick_Castellanos,Nick Castellanos,2018,UNK,0,2.0,15.9,0.361,0.363,0.202,0.223
FG_Nico_Hoerner,Nico Hoerner,2022,UNK,0,4.3,34.3,0.3,0.32,0.129,0.11
FG_J.T._Realmuto,J.T. Realmuto,2025,UNK,0,2.1,16.7,0.321,0.307,0.127,0.235
FG_Khris_Davis,Khris Davis,2017,UNK,1,3.0,23.9,0.29,0.361,0.281,0.299
FG_Jose_Ramirez,Jose Ramirez,2017,UNK,1,7.0,55.9,0.319,0.396,0.265,0.107
FG_Jose_Iglesias,Jose Iglesias,2021,UNK,0,1.8,14.3,0.305,0.304,0.12,0.147
FG_Alex_Bregman,Alex Bregman,2018,UNK,1,7.9,63.1,0.289,0.396,0.246,0.121
FG_Christian_Yelich,Christian Yelich,2017,UNK,1,4.0,31.9,0.336,0.348,0.156,0.1969999999999999
FG_Brandon_Nimmo,Brandon Nimmo,2020,UNK,0,1.8,14.3,0.326,0.387,0.204,0.191
FG_Jonathan_Villar,Jonathan Villar,2018,UNK,0,1.9,15.1,0.339,0.312,0.124,0.268
FG_Trent_Grisham,Trent Grisham,2023,UNK,0,1.7,13.5,0.264,0.299,0.154,0.2769999999999999
FG_Jorge_Polanco,Jorge Polanco,2021,UNK,1,4.0,31.9,0.282,0.349,0.235,0.183
FG_Marwin_Gonzalez,Marwin Gonzalez,2020,UNK,0,0.4,3.1,0.241,0.269,0.109,0.206
FG_Shin-Soo_Choo,Shin-Soo Choo,2017,UNK,0,0.4,3.1,0.305,0.339,0.162,0.211
FG_MJ_Melendez,MJ Melendez,2023,UNK,0,0.4,3.1,0.311,0.31,0.163,0.282
FG_Jose_Peraza,Jose Peraza,2018,UNK,0,3.1,24.7,0.307,0.319,0.128,0.11
FG_Randy_Arozarena,Randy Arozarena,2023,UNK,0,3.1,24.7,0.31,0.347,0.171,0.239
FG_Kris_Bryant,Kris Bryant,2021,UNK,1,3.1,24.7,0.313,0.356,0.216,0.23
FG_Ketel_Marte,Ketel Marte,2018,UNK,0,3.0,23.9,0.282,0.33,0.177,0.136
FG_Amed_Rosario,Amed Rosario,2023,UNK,0,0.4,3.1,0.314,0.297,0.116,0.182
FG_Gavin_Lux,Gavin Lux,2025,UNK,0,0.3,2.3,0.351,0.322,0.105,0.2269999999999999
FG_A.J._Pollock,A.J. Pollock,2022,UNK,0,0.6,4.7,0.278,0.297,0.143,0.186
FG_Andrew_McCutchen,Andrew McCutchen,2022,UNK,0,0.6,4.7,0.278,0.309,0.148,0.214
FG_Austin_Hays,Austin Hays,2022,UNK,0,1.8,14.3,0.289,0.314,0.163,0.196
FG_Billy_Hamilton,Billy Hamilton,2017,UNK,0,1.8,14.3,0.313,0.278,0.088,0.21
FG_Matt_Vierling,Matt Vierling,2023,UNK,0,1.7,13.5,0.321,0.315,0.127,0.211
FG_Michael_Brantley,Michael Brantley,2019,UNK,1,4.0,31.9,0.32,0.367,0.191,0.104
FG_Marcell_Ozuna,Marcell Ozuna,2018,UNK,0,1.9,15.1,0.309,0.327,0.153,0.175
FG_Chase_Headley,Chase Headley,2017,UNK,0,1.9,15.1,0.341,0.329,0.133,0.225
FG_Cody_Bellinger,Cody Bellinger,2017,UNK,1,4.0,31.9,0.299,0.38,0.315,0.266
FG_Rhys_Hoskins,Rhys Hoskins,2018,UNK,0,1.9,15.1,0.272,0.363,0.251,0.2269999999999999
FG_Mike_Yastrzemski,Mike Yastrzemski,2020,UNK,1,1.9,15.1,0.37,0.407,0.271,0.244
FG_Lawrence_Butler,Lawrence Butler,2025,UNK,0,2.0,15.9,0.304,0.31,0.17,0.284
FG_Randy_Arozarena,Randy Arozarena,2024,UNK,0,2.0,15.9,0.275,0.32,0.169,0.261
FG_Jackie_Bradley_Jr.,Jackie Bradley Jr.,2019,UNK,0,2.0,15.9,0.281,0.314,0.196,0.273
FG_Jesse_Winker,Jesse Winker,2024,UNK,0,1.4,11.1,0.304,0.338,0.151,0.209
FG_Freddie_Freeman,Freddie Freeman,2017,UNK,1,4.5,35.9,0.335,0.407,0.28,0.185
FG_Steven_Kwan,Steven Kwan,2024,UNK,1,4.2,33.5,0.304,0.349,0.133,0.094
FG_Tim_Anderson,Tim Anderson,2021,UNK,1,4.3,34.3,0.372,0.345,0.159,0.216
FG_Mark_Canha,Mark Canha,2020,UNK,0,1.5,11.9,0.307,0.351,0.162,0.222
FG_Vinnie_Pasquantino,Vinnie Pasquantino,2025,UNK,0,1.5,11.9,0.271,0.34,0.211,0.157
FG_Marwin_Gonzalez,Marwin Gonzalez,2017,UNK,1,4.4,35.1,0.343,0.382,0.226,0.192
FG_Yangervis_Solarte,Yangervis Solarte,2017,UNK,0,1.5,11.9,0.258,0.311,0.161,0.119
FG_Eric_Hosmer,Eric Hosmer,2017,UNK,1,3.7,29.5,0.351,0.376,0.179,0.155
FG_DJ_LeMahieu,DJ LeMahieu,2021,UNK,0,2.1,16.7,0.301,0.315,0.094,0.138
FG_Marcell_Ozuna,Marcell Ozuna,2019,UNK,0,2.1,16.7,0.257,0.336,0.231,0.208
FG_Hanser_Alberto,Hanser Alberto,2019,UNK,0,2.1,16.7,0.318,0.318,0.116,0.091
FG_Kevin_Pillar,Kevin Pillar,2019,UNK,0,0.6,4.7,0.27,0.298,0.173,0.138
FG_Marcus_Semien,Marcus Semien,2024,UNK,0,4.3,34.3,0.25,0.306,0.154,0.146
FG_Ke'Bryan_Hayes,Ke'Bryan Hayes,2025,UNK,0,1.4,11.1,0.289,0.266,0.07,0.195
FG_Anthony_Volpe,Anthony Volpe,2024,UNK,0,3.5,27.9,0.303,0.287,0.121,0.226
FG_Ronald_Acuna_Jr.,Ronald Acuna Jr.,2020,UNK,1,2.2,17.5,0.302,0.413,0.331,0.297
FG_Yonder_Alonso,Yonder Alonso,2017,UNK,0,2.2,17.5,0.302,0.366,0.235,0.226
FG_Alex_Bregman,Alex Bregman,2017,UNK,1,4.7,37.5,0.311,0.351,0.191,0.155
FG_Jazz_Chisholm_Jr.,Jazz Chisholm Jr.,2025,UNK,1,4.4,35.1,0.282,0.349,0.238,0.2789999999999999
FG_Trea_Turner,Trea Turner,2019,UNK,1,4.4,35.1,0.348,0.356,0.2,0.1989999999999999
FG_Brent_Rooker,Brent Rooker,2023,UNK,0,2.1,16.7,0.317,0.348,0.242,0.327
FG_Alex_Bregman,Alex Bregman,2023,UNK,1,4.4,35.1,0.27,0.351,0.178,0.12
FG_Shin-Soo_Choo,Shin-Soo Choo,2019,UNK,0,1.4,11.1,0.333,0.353,0.19,0.25
FG_Randal_Grichuk,Randal Grichuk,2020,UNK,0,0.7,5.5,0.299,0.334,0.208,0.212
FG_Javier_Baez,Javier Baez,2020,UNK,0,0.7,5.5,0.262,0.256,0.158,0.319
FG_Pete_Alonso,Pete Alonso,2025,UNK,1,3.6,28.7,0.305,0.368,0.252,0.228
FG_Didi_Gregorius,Didi Gregorius,2020,UNK,0,0.7,5.5,0.285,0.348,0.205,0.118
FG_Tommy_La_Stella,Tommy La Stella,2020,UNK,0,1.3,10.3,0.276,0.355,0.168,0.053
FG_Mallex_Smith,Mallex Smith,2019,UNK,0,1.4,11.1,0.302,0.278,0.108,0.249
FG_Carlos_Correa,Carlos Correa,2021,UNK,1,6.3,50.3,0.308,0.364,0.205,0.181
FG_Justin_Smoak,Justin Smoak,2017,UNK,1,3.5,27.9,0.285,0.371,0.259,0.201
FG_Whit_Merrifield,Whit Merrifield,2021,UNK,0,2.6,20.7,0.309,0.306,0.117,0.143
FG_Eduardo_Escobar,Eduardo Escobar,2021,UNK,0,2.5,19.9,0.279,0.334,0.219,0.207
FG_Thairo_Estrada,Thairo Estrada,2023,UNK,0,3.5,27.9,0.331,0.316,0.145,0.226
FG_Jean_Segura,Jean Segura,2021,UNK,0,3.5,27.9,0.317,0.338,0.146,0.138
FG_Masyn_Winn,Masyn Winn,2025,UNK,0,3.5,27.9,0.301,0.297,0.11,0.19
FG_Fernando_Tatis_Jr.,Fernando Tatis Jr.,2021,UNK,1,6.8,54.3,0.324,0.403,0.328,0.28
FG_Freddie_Freeman,Freddie Freeman,2022,UNK,1,6.8,54.3,0.359,0.393,0.186,0.144
FG_Trea_Turner,Trea Turner,2022,UNK,1,6.4,51.1,0.342,0.35,0.169,0.185
FG_Juan_Soto,Juan Soto,2021,UNK,1,6.8,54.3,0.332,0.42,0.221,0.142
FG_Starling_Marte,Starling Marte,2020,UNK,0,1.3,10.3,0.319,0.333,0.149,0.1639999999999999
FG_Travis_Shaw,Travis Shaw,2017,UNK,1,4.9,39.1,0.312,0.361,0.24,0.228
FG_Mike_Moustakas,Mike Moustakas,2017,UNK,0,2.6,20.7,0.263,0.345,0.249,0.157
FG_Austin_Hays,Austin Hays,2023,UNK,0,2.7,21.5,0.345,0.33,0.169,0.249
FG_Adam_Frazier,Adam Frazier,2019,UNK,0,2.6,20.7,0.306,0.32,0.139,0.123
FG_Aaron_Judge,Aaron Judge,2021,UNK,1,5.5,43.9,0.332,0.387,0.256,0.25
FG_Jeff_McNeil,Jeff McNeil,2019,UNK,1,4.8,38.3,0.337,0.384,0.214,0.132
FG_Max_Kepler,Max Kepler,2020,UNK,0,1.2,9.5,0.236,0.328,0.211,0.184
FG_Mitch_Haniger,Mitch Haniger,2018,UNK,1,5.0,39.9,0.336,0.367,0.208,0.217
FG_Ben_Gamel,Ben Gamel,2017,UNK,0,1.0,7.9,0.34,0.315,0.138,0.222
FG_William_Contreras,William Contreras,2024,UNK,1,5.5,43.9,0.33,0.359,0.185,0.205
FG_Lorenzo_Cain,Lorenzo Cain,2017,UNK,1,4.8,38.3,0.34,0.347,0.14,0.155
FG_Jake_Lamb,Jake Lamb,2017,UNK,0,2.7,21.5,0.287,0.353,0.239,0.239
FG_Jeimer_Candelario,Jeimer Candelario,2023,UNK,0,3.2,25.5,0.292,0.346,0.22,0.22
FG_Matt_Carpenter,Matt Carpenter,2017,UNK,0,2.7,21.5,0.274,0.361,0.209,0.201
FG_Nathaniel_Lowe,Nathaniel Lowe,2022,UNK,1,3.1,24.7,0.363,0.368,0.191,0.228
FG_Marcell_Ozuna,Marcell Ozuna,2023,UNK,1,3.2,25.5,0.293,0.381,0.285,0.226
FG_Starling_Marte,Starling Marte,2021,UNK,1,5.2,41.5,0.372,0.364,0.148,0.188
FG_Joey_Ortiz,Joey Ortiz,2024,UNK,0,3.2,25.5,0.283,0.319,0.159,0.2019999999999999
FG_Nolan_Arenado,Nolan Arenado,2024,UNK,0,3.2,25.5,0.296,0.314,0.123,0.145
FG_Mookie_Betts,Mookie Betts,2018,UNK,1,10.2,81.5,0.368,0.449,0.294,0.148
FG_Bobby_Witt_Jr.,Bobby Witt Jr.,2024,UNK,1,10.5,83.9,0.354,0.41,0.256,0.15
FG_Aaron_Judge,Aaron Judge,2022,UNK,1,11.1,88.7,0.34,0.458,0.375,0.251
FG_Fernando_Tatis_Jr.,Fernando Tatis Jr.,2025,UNK,1,6.1,48.7,0.303,0.353,0.178,0.187
FG_Shohei_Ohtani,Shohei Ohtani,2023,UNK,1,6.6,52.7,0.342,0.433,0.35,0.239
FG_Willy_Adames,Willy Adames,2023,UNK,0,3.4,27.1,0.259,0.311,0.19,0.259
FG_Paul_DeJong,Paul DeJong,2019,UNK,0,3.4,27.1,0.259,0.322,0.211,0.2239999999999999
FG_Javier_Baez,Javier Baez,2019,UNK,1,5.6,44.7,0.345,0.347,0.25,0.278
FG_Gleyber_Torres,Gleyber Torres,2019,UNK,1,3.4,27.1,0.296,0.358,0.256,0.214
FG_Manny_Machado,Manny Machado,2023,UNK,0,3.4,27.1,0.268,0.334,0.204,0.181
FG_Willy_Adames,Willy Adames,2019,UNK,0,3.3,26.3,0.32,0.313,0.164,0.262
FG_Salvador_Perez,Salvador Perez,2024,UNK,0,3.3,26.3,0.302,0.335,0.185,0.198
FG_Tyler_Soderstrom,Tyler Soderstrom,2025,UNK,1,3.4,27.1,0.327,0.354,0.198,0.226
FG_Jean_Segura,Jean Segura,2018,UNK,0,3.8,30.3,0.327,0.327,0.111,0.109
FG_Vladimir_Guerrero_Jr.,Vladimir Guerrero Jr.,2025,UNK,1,3.9,31.1,0.313,0.366,0.175,0.138
FG_Freddie_Freeman,Freddie Freeman,2025,UNK,1,3.9,31.1,0.342,0.37,0.207,0.204
FG_Yandy_Diaz,Yandy Diaz,2022,UNK,1,3.9,31.1,0.323,0.366,0.127,0.108
FG_Nico_Hoerner,Nico Hoerner,2024,UNK,0,3.9,31.1,0.297,0.313,0.1,0.103
FG_Randy_Arozarena,Randy Arozarena,2025,UNK,0,2.9,23.1,0.298,0.332,0.188,0.2689999999999999
FG_Christian_Walker,Christian Walker,2023,UNK,1,3.9,31.1,0.272,0.351,0.239,0.192
FG_Bryson_Stott,Bryson Stott,2023,UNK,0,4.1,32.7,0.312,0.323,0.138,0.156
FG_Rhys_Hoskins,Rhys Hoskins,2022,UNK,0,2.4,19.1,0.292,0.345,0.216,0.251
FG_Austin_Riley,Austin Riley,2021,UNK,1,5.1,40.7,0.368,0.379,0.227,0.254
FG_Avisail_Garcia,Avisail Garcia,2021,UNK,0,2.3,18.3,0.291,0.346,0.228,0.235
FG_Aaron_Judge,Aaron Judge,2017,UNK,1,8.7,69.6,0.357,0.43,0.343,0.307
FG_Gunnar_Henderson,Gunnar Henderson,2024,UNK,1,7.9,63.2,0.32,0.381,0.248,0.221
FG_Francisco_Lindor,Francisco Lindor,2018,UNK,1,7.8,62.4,0.279,0.368,0.242,0.144
FG_Freddie_Freeman,Freddie Freeman,2023,UNK,1,7.7,61.6,0.37,0.411,0.235,0.166
FG_Jose_Altuve,Jose Altuve,2017,UNK,1,7.7,61.6,0.37,0.405,0.202,0.127
FG_Mookie_Betts,Mookie Betts,2023,UNK,1,7.6,60.8,0.316,0.416,0.272,0.154
FG_Kris_Bryant,Kris Bryant,2017,UNK,1,7.0,56.0,0.334,0.399,0.242,0.192
FG_Matt_Olson,Matt Olson,2023,UNK,1,6.6,52.8,0.302,0.413,0.321,0.2319999999999999
FG_Marcus_Semien,Marcus Semien,2019,UNK,1,6.5,52.0,0.294,0.373,0.237,0.1369999999999999
FG_Jose_Ramirez,Jose Ramirez,2025,UNK,1,6.3,50.4,0.279,0.36,0.219,0.11
FG_Joey_Votto,Joey Votto,2017,UNK,1,6.2,49.6,0.321,0.428,0.258,0.1169999999999999
FG_George_Springer,George Springer,2019,UNK,1,6.1,48.8,0.305,0.4,0.299,0.203
FG_Xander_Bogaerts,Xander Bogaerts,2019,UNK,1,6.0,48.0,0.338,0.39,0.246,0.175
FG_Xander_Bogaerts,Xander Bogaerts,2022,UNK,1,6.0,48.0,0.362,0.363,0.149,0.187
FG_Anthony_Rendon,Anthony Rendon,2017,UNK,1,5.9,47.2,0.314,0.394,0.232,0.136
FG_Francisco_Lindor,Francisco Lindor,2017,UNK,1,5.8,46.4,0.275,0.353,0.232,0.129
FG_Mookie_Betts,Mookie Betts,2019,UNK,1,5.8,46.4,0.309,0.38,0.229,0.143
FG_Tommy_Pham,Tommy Pham,2017,UNK,1,5.8,46.4,0.368,0.398,0.214,0.221
FG_Jose_Altuve,Jose Altuve,2018,UNK,1,5.8,46.4,0.352,0.363,0.135,0.132
FG_Juan_Soto,Juan Soto,2025,UNK,1,5.8,46.4,0.27,0.39,0.262,0.192
FG_Jeff_McNeil,Jeff McNeil,2022,UNK,1,5.5,44.0,0.353,0.365,0.128,0.104
FG_Francisco_Lindor,Francisco Lindor,2023,UNK,1,5.5,44.0,0.277,0.346,0.216,0.1989999999999999
FG_Alex_Bregman,Alex Bregman,2022,UNK,1,5.4,43.2,0.26,0.358,0.195,0.1169999999999999
FG_George_Springer,George Springer,2025,UNK,1,5.2,41.6,0.34,0.408,0.251,0.1889999999999999
FG_Bryce_Harper,Bryce Harper,2024,UNK,1,5.1,40.8,0.331,0.38,0.24,0.2189999999999999
FG_Whit_Merrifield,Whit Merrifield,2018,UNK,1,5.0,40.0,0.352,0.349,0.134,0.161
FG_Cody_Bellinger,Cody Bellinger,2025,UNK,1,4.9,39.2,0.274,0.347,0.207,0.1369999999999999
FG_J.P._Crawford,J.P. Crawford,2023,UNK,1,4.9,39.2,0.314,0.359,0.172,0.196
FG_Nico_Hoerner,Nico Hoerner,2025,UNK,0,4.8,38.4,0.313,0.324,0.097,0.076
FG_Mike_Trout,Mike Trout,2018,UNK,1,9.4,75.3,0.346,0.447,0.316,0.204
FG_Pete_Alonso,Pete Alonso,2019,UNK,1,4.7,37.6,0.28,0.384,0.323,0.264
FG_Freddie_Freeman,Freddie Freeman,2018,UNK,1,4.6,36.8,0.358,0.378,0.196,0.187
FG_Ketel_Marte,Ketel Marte,2025,UNK,1,4.6,36.8,0.29,0.381,0.233,0.149
FG_Xander_Bogaerts,Xander Bogaerts,2023,UNK,1,4.6,36.8,0.319,0.343,0.154,0.165
FG_Kyle_Tucker,Kyle Tucker,2025,UNK,1,4.5,36.0,0.282,0.363,0.198,0.147
FG_Tim_Anderson,Tim Anderson,2019,UNK,1,4.5,36.0,0.399,0.363,0.173,0.21
FG_George_Springer,George Springer,2017,UNK,1,4.4,35.2,0.297,0.376,0.239,0.176
FG_Justin_Upton,Justin Upton,2017,UNK,1,4.4,35.2,0.341,0.378,0.268,0.283
FG_Mookie_Betts,Mookie Betts,2024,UNK,1,4.3,34.4,0.294,0.371,0.202,0.11
FG_Daulton_Varsho,Daulton Varsho,2022,UNK,0,4.3,34.4,0.269,0.323,0.207,0.245
FG_Isaac_Paredes,Isaac Paredes,2023,UNK,1,4.2,33.6,0.257,0.362,0.238,0.182
FG_Bobby_Witt_Jr.,Bobby Witt Jr.,2025,UNK,1,8.0,64.1,0.334,0.36,0.205,0.182
FG_Jazz_Chisholm_Jr.,Jazz Chisholm Jr.,2024,UNK,0,4.0,32.0,0.309,0.327,0.18,0.245
FG_Justin_Turner,Justin Turner,2019,UNK,1,3.9,31.2,0.304,0.37,0.219,0.16
FG_James_Outman,James Outman,2023,UNK,1,3.9,31.2,0.343,0.344,0.188,0.319
FG_Will_Smith,Will Smith,2023,UNK,0,3.8,30.4,0.277,0.345,0.177,0.161
FG_Jose_Abreu,Jose Abreu,2022,UNK,1,3.8,30.4,0.35,0.361,0.141,0.162
FG_Jose_Ramirez,Jose Ramirez,2018,UNK,1,7.6,60.9,0.252,0.391,0.282,0.115
FG_Pete_Alonso,Pete Alonso,2022,UNK,1,3.8,30.4,0.279,0.366,0.246,0.187
FG_Josh_Reddick,Josh Reddick,2017,UNK,1,3.8,30.4,0.339,0.357,0.17,0.133
FG_Eugenio_Suarez,Eugenio Suarez,2025,UNK,1,3.8,30.4,0.243,0.347,0.298,0.298
FG_Ceddanne_Rafaela,Ceddanne Rafaela,2025,UNK,0,3.8,30.4,0.289,0.307,0.165,0.1989999999999999
FG_Andres_Gimenez,Andres Gimenez,2023,UNK,0,3.8,30.4,0.289,0.309,0.147,0.182
FG_Travis_Shaw,Travis Shaw,2018,UNK,1,3.7,29.6,0.242,0.351,0.239,0.184
FG_Bryan_Reynolds,Bryan Reynolds,2019,UNK,1,3.7,29.6,0.387,0.371,0.189,0.222
FG_Nick_Castellanos,Nick Castellanos,2021,UNK,1,3.7,29.6,0.34,0.391,0.267,0.207
FG_Matt_Chapman,Matt Chapman,2021,UNK,0,3.7,29.6,0.272,0.311,0.193,0.325
FG_Matt_Chapman,Matt Chapman,2025,UNK,0,3.7,29.6,0.27,0.336,0.198,0.236
FG_Oneil_Cruz,Oneil Cruz,2024,UNK,1,3.6,28.8,0.347,0.331,0.19,0.302
FG_Nolan_Arenado,Nolan Arenado,2022,UNK,1,7.2,57.7,0.29,0.381,0.241,0.1159999999999999
FG_Michael_Busch,Michael Busch,2025,UNK,1,3.5,28.0,0.292,0.369,0.261,0.235
FG_Ryan_Zimmerman,Ryan Zimmerman,2017,UNK,1,3.5,28.0,0.335,0.387,0.269,0.2189999999999999
FG_Nick_Ahmed,Nick Ahmed,2019,UNK,0,3.4,27.2,0.28,0.315,0.183,0.181
FG_Hunter_Goodman,Hunter Goodman,2025,UNK,1,3.4,27.2,0.331,0.359,0.243,0.263
FG_Aaron_Judge,Aaron Judge,2025,UNK,1,10.1,81.0,0.376,0.463,0.357,0.236
FG_Dansby_Swanson,Dansby Swanson,2021,UNK,0,3.3,26.4,0.297,0.322,0.201,0.256
FG_Bryce_Harper,Bryce Harper,2018,UNK,1,3.2,25.6,0.289,0.376,0.247,0.243
FG_Adolis_Garcia,Adolis Garcia,2022,UNK,0,3.2,25.6,0.309,0.324,0.207,0.2789999999999999
FG_JJ_Bleday,JJ Bleday,2024,UNK,0,3.2,25.6,0.279,0.33,0.194,0.195
FG_Ke'Bryan_Hayes,Ke'Bryan Hayes,2023,UNK,0,3.2,25.6,0.315,0.324,0.182,0.198
FG_Vladimir_Guerrero_Jr.,Vladimir Guerrero Jr.,2021,UNK,1,6.3,50.5,0.313,0.419,0.29,0.158
FG_Willy_Adames,Willy Adames,2021,UNK,1,3.1,24.8,0.331,0.349,0.219,0.281
FG_Bryson_Stott,Bryson Stott,2025,UNK,0,3.1,24.8,0.288,0.315,0.134,0.163
FG_Brandon_Crawford,Brandon Crawford,2021,UNK,1,6.2,49.7,0.334,0.377,0.224,0.191
FG_Andres_Gimenez,Andres Gimenez,2022,UNK,1,6.1,48.9,0.353,0.364,0.169,0.201
FG_Cedric_Mullins,Cedric Mullins,2021,UNK,1,6.0,48.1,0.322,0.372,0.228,0.185
FG_Brian_Anderson,Brian Anderson,2018,UNK,0,3.0,24.0,0.332,0.333,0.127,0.193
FG_Brandon_Nimmo,Brandon Nimmo,2025,UNK,0,3.0,24.0,0.301,0.329,0.174,0.216
FG_J.T._Realmuto,J.T. Realmuto,2019,UNK,1,5.9,47.3,0.309,0.34,0.217,0.207
FG_Bobby_Witt_Jr.,Bobby Witt Jr.,2023,UNK,1,5.9,47.3,0.295,0.343,0.218,0.174
FG_Bryan_Reynolds,Bryan Reynolds,2022,UNK,0,2.9,23.2,0.306,0.349,0.199,0.23
FG_William_Contreras,William Contreras,2023,UNK,1,5.8,46.5,0.348,0.357,0.169,0.206
FG_Jeremy_Pena,Jeremy Pena,2025,UNK,1,5.7,45.7,0.345,0.363,0.172,0.171
FG_Aaron_Judge,Aaron Judge,2024,UNK,1,11.3,90.7,0.367,0.476,0.379,0.243
FG_Amed_Rosario,Amed Rosario,2021,UNK,0,2.8,22.4,0.34,0.315,0.127,0.204
FG_Matt_Olson,Matt Olson,2018,UNK,0,2.8,22.4,0.292,0.34,0.207,0.247
FG_Pete_Alonso,Pete Alonso,2023,UNK,0,2.8,22.4,0.205,0.346,0.287,0.2289999999999999
FG_J.P._Crawford,J.P. Crawford,2025,UNK,0,2.8,22.4,0.318,0.322,0.105,0.187
FG_Starlin_Castro,Starlin Castro,2018,UNK,0,2.8,22.4,0.33,0.315,0.121,0.192
FG_Alex_Bregman,Alex Bregman,2019,UNK,1,8.3,66.6,0.281,0.418,0.296,0.12
FG_Adley_Rutschman,Adley Rutschman,2023,UNK,1,5.5,44.1,0.303,0.352,0.158,0.147
FG_Cal_Raleigh,Cal Raleigh,2024,UNK,1,5.4,43.3,0.251,0.323,0.216,0.28
FG_Salvador_Perez,Salvador Perez,2021,UNK,1,2.7,21.6,0.298,0.359,0.271,0.256
FG_Randy_Arozarena,Randy Arozarena,2022,UNK,0,2.7,21.6,0.325,0.336,0.183,0.242
FG_Jay_Bruce,Jay Bruce,2017,UNK,0,2.7,21.6,0.274,0.35,0.254,0.225
FG_Seiya_Suzuki,Seiya Suzuki,2025,UNK,0,2.6,20.8,0.282,0.343,0.233,0.252
FG_Matt_Olson,Matt Olson,2024,UNK,0,2.6,20.8,0.293,0.339,0.21,0.248
FG_Yordan_Alvarez,Yordan Alvarez,2024,UNK,1,5.2,41.7,0.317,0.402,0.259,0.15
FG_Brandon_Crawford,Brandon Crawford,2018,UNK,0,2.6,20.8,0.303,0.306,0.139,0.205
FG_Brandon_Nimmo,Brandon Nimmo,2018,UNK,1,5.1,40.9,0.351,0.385,0.219,0.262
FG_Brent_Rooker,Brent Rooker,2024,UNK,1,5.1,40.9,0.362,0.392,0.269,0.288
FG_Byron_Buxton,Byron Buxton,2025,UNK,1,5.0,40.1,0.302,0.367,0.287,0.273
FG_Shohei_Ohtani,Shohei Ohtani,2021,UNK,1,5.0,40.1,0.303,0.393,0.335,0.296
FG_Ronald_Acuna_Jr.,Ronald Acuna Jr.,2019,UNK,1,5.0,40.1,0.337,0.369,0.238,0.263
FG_Danny_Santana,Danny Santana,2019,UNK,1,2.5,20.0,0.353,0.352,0.251,0.295
FG_Kyle_Tucker,Kyle Tucker,2023,UNK,1,4.9,39.3,0.289,0.372,0.233,0.136
FG_Jackie_Bradley_Jr.,Jackie Bradley Jr.,2017,UNK,0,2.4,19.2,0.294,0.313,0.158,0.2289999999999999
FG_Jeff_McNeil,Jeff McNeil,2023,UNK,0,2.4,19.2,0.288,0.314,0.108,0.1
FG_Dylan_Carlson,Dylan Carlson,2021,UNK,0,2.4,19.2,0.332,0.336,0.172,0.246
FG_Justin_Smoak,Justin Smoak,2018,UNK,0,2.4,19.2,0.297,0.349,0.216,0.263
FG_Tim_Anderson,Tim Anderson,2018,UNK,0,2.4,19.2,0.289,0.294,0.166,0.246
FG_Manny_Machado,Manny Machado,2022,UNK,1,7.1,57.0,0.337,0.382,0.234,0.207
FG_Trea_Turner,Trea Turner,2021,UNK,1,7.1,57.0,0.362,0.386,0.208,0.17
FG_Trevor_Story,Trevor Story,2018,UNK,1,4.7,37.7,0.345,0.384,0.276,0.256
FG_Matt_Olson,Matt Olson,2025,UNK,1,4.7,37.7,0.333,0.366,0.212,0.243
FG_Justin_Turner,Justin Turner,2022,UNK,0,2.3,18.4,0.313,0.343,0.16,0.1669999999999999
FG_Tim_Anderson,Tim Anderson,2020,UNK,1,2.3,18.4,0.383,0.376,0.207,0.226
FG_Jose_Ramirez,Jose Ramirez,2023,UNK,1,4.6,36.9,0.285,0.346,0.193,0.106
FG_Paul_Goldschmidt,Paul Goldschmidt,2018,UNK,1,4.6,36.9,0.359,0.39,0.243,0.251
FG_Paul_Goldschmidt,Paul Goldschmidt,2022,UNK,1,6.8,54.6,0.368,0.419,0.26,0.217
FG_Jonathan_Schoop,Jonathan Schoop,2017,UNK,1,4.5,36.1,0.33,0.355,0.211,0.21
FG_Max_Muncy,Max Muncy,2021,UNK,1,4.5,36.1,0.257,0.379,0.278,0.203
FG_Anthony_Rizzo,Anthony Rizzo,2017,UNK,1,4.4,35.3,0.273,0.38,0.234,0.13
FG_Brice_Turang,Brice Turang,2025,UNK,1,4.4,35.3,0.356,0.346,0.147,0.228
FG_Michael_Busch,Michael Busch,2024,UNK,0,2.2,17.6,0.322,0.336,0.192,0.286
FG_Addison_Barger,Addison Barger,2025,UNK,0,2.2,17.6,0.284,0.322,0.211,0.241
FG_Jurickson_Profar,Jurickson Profar,2018,UNK,0,2.2,17.6,0.269,0.341,0.204,0.148
FG_Avisail_Garcia,Avisail Garcia,2017,UNK,1,4.3,34.5,0.392,0.375,0.176,0.198
FG_Ozzie_Albies,Ozzie Albies,2019,UNK,1,4.2,33.7,0.325,0.354,0.205,0.16
FG_Dansby_Swanson,Dansby Swanson,2024,UNK,0,4.2,33.7,0.3,0.307,0.148,0.243
FG_Ha-seong_Kim,Ha-seong Kim,2023,UNK,0,4.2,33.7,0.306,0.33,0.138,0.198
FG_Ketel_Marte,Ketel Marte,2024,UNK,1,6.3,50.6,0.299,0.391,0.268,0.182
FG_Ozzie_Albies,Ozzie Albies,2023,UNK,1,4.1,32.9,0.289,0.358,0.233,0.162
FG_Gary_Sanchez,Gary Sanchez,2017,UNK,1,4.1,32.9,0.304,0.368,0.253,0.2289999999999999
FG_Yuli_Gurriel,Yuli Gurriel,2019,UNK,1,4.0,32.1,0.289,0.364,0.243,0.106
FG_Andrew_Benintendi,Andrew Benintendi,2022,UNK,0,2.0,16.0,0.352,0.342,0.095,0.148
FG_Aaron_Hicks,Aaron Hicks,2018,UNK,1,4.0,32.1,0.264,0.36,0.219,0.191
FG_Lourdes_Gurriel_Jr.,Lourdes Gurriel Jr.,2023,UNK,0,2.0,16.0,0.282,0.329,0.201,0.174
FG_Michael_Harris_II,Michael Harris II,2023,UNK,1,3.9,31.3,0.334,0.345,0.184,0.187
FG_Jarren_Duran,Jarren Duran,2025,UNK,1,3.9,31.3,0.326,0.335,0.185,0.243
FG_Francisco_Lindor,Francisco Lindor,2024,UNK,1,7.7,61.9,0.295,0.363,0.227,0.184
FG_Julio_Rodriguez,Julio Rodriguez,2025,UNK,1,5.7,45.8,0.302,0.341,0.207,0.214
FG_Max_Kepler,Max Kepler,2017,UNK,0,1.9,15.2,0.276,0.315,0.182,0.201
FG_Teoscar_Hernandez,Teoscar Hernandez,2023,UNK,0,1.9,15.2,0.342,0.317,0.178,0.311
FG_Asdrubal_Cabrera,Asdrubal Cabrera,2019,UNK,0,1.9,15.2,0.294,0.331,0.181,0.2
FG_Matt_Olson,Matt Olson,2019,UNK,1,3.8,30.5,0.3,0.368,0.277,0.252
FG_Taylor_Ward,Taylor Ward,2022,UNK,1,3.7,29.7,0.325,0.362,0.192,0.213
FG_Cedric_Mullins,Cedric Mullins,2022,UNK,0,3.7,29.7,0.299,0.315,0.145,0.188
FG_Juan_Soto,Juan Soto,2019,UNK,1,5.4,43.4,0.312,0.394,0.266,0.2
FG_Victor_Robles,Victor Robles,2019,UNK,0,3.6,28.9,0.31,0.317,0.165,0.2269999999999999
FG_Masyn_Winn,Masyn Winn,2024,UNK,0,3.6,28.9,0.303,0.315,0.148,0.171
FG_Ketel_Marte,Ketel Marte,2022,UNK,0,1.8,14.4,0.276,0.317,0.167,0.181
FG_Brandon_Crawford,Brandon Crawford,2017,UNK,0,1.8,14.4,0.293,0.301,0.151,0.198
FG_Shohei_Ohtani,Shohei Ohtani,2022,UNK,1,3.6,28.9,0.32,0.37,0.246,0.242
FG_Mike_Trout,Mike Trout,2025,UNK,0,1.8,14.4,0.31,0.343,0.206,0.32
FG_Anthony_Rizzo,Anthony Rizzo,2019,UNK,1,3.6,28.9,0.306,0.39,0.227,0.14
FG_Shohei_Ohtani,Shohei Ohtani,2024,UNK,1,8.9,71.6,0.336,0.431,0.336,0.222
FG_Vladimir_Guerrero_Jr.,Vladimir Guerrero Jr.,2024,UNK,1,5.3,42.6,0.342,0.398,0.221,0.138
FG_Jorge_Soler,Jorge Soler,2019,UNK,1,3.5,28.1,0.294,0.378,0.304,0.262
FG_Starling_Marte,Starling Marte,2022,UNK,1,3.5,28.1,0.34,0.355,0.176,0.192
FG_Rafael_Devers,Rafael Devers,2023,UNK,1,3.5,28.1,0.292,0.359,0.229,0.192
FG_Michael_Brantley,Michael Brantley,2018,UNK,1,3.5,28.1,0.319,0.359,0.16,0.095
FG_Josh_Donaldson,Josh Donaldson,2019,UNK,1,5.2,41.8,0.292,0.377,0.262,0.235
FG_Freddy_Galvis,Freddy Galvis,2017,UNK,0,1.7,13.6,0.292,0.298,0.127,0.1669999999999999
FG_Chris_Taylor,Chris Taylor,2020,UNK,0,1.7,13.6,0.344,0.364,0.205,0.257
FG_Cesar_Hernandez,Cesar Hernandez,2019,UNK,0,1.7,13.6,0.313,0.315,0.129,0.15
FG_Jose_Abreu,Jose Abreu,2018,UNK,0,1.7,13.6,0.294,0.337,0.208,0.1969999999999999
FG_Teoscar_Hernandez,Teoscar Hernandez,2024,UNK,1,3.4,27.3,0.344,0.36,0.229,0.288
FG_Jonathan_India,Jonathan India,2021,UNK,1,3.4,27.3,0.326,0.363,0.19,0.223
FG_Paul_Goldschmidt,Paul Goldschmidt,2023,UNK,1,3.4,27.3,0.327,0.35,0.179,0.2339999999999999
FG_Mookie_Betts,Mookie Betts,2025,UNK,0,3.4,27.3,0.258,0.318,0.148,0.103
FG_Jarren_Duran,Jarren Duran,2024,UNK,1,6.8,54.7,0.345,0.357,0.207,0.218
FG_Rafael_Devers,Rafael Devers,2022,UNK,1,5.0,40.2,0.329,0.373,0.225,0.186
FG_Corey_Seager,Corey Seager,2017,UNK,1,5.0,40.2,0.352,0.364,0.184,0.214
FG_Fernando_Tatis_Jr.,Fernando Tatis Jr.,2020,UNK,1,3.3,26.5,0.306,0.392,0.295,0.237
FG_Dansby_Swanson,Dansby Swanson,2022,UNK,1,6.6,53.1,0.348,0.337,0.17,0.261
FG_Christian_Yelich,Christian Yelich,2019,UNK,1,6.6,53.1,0.355,0.442,0.342,0.203
FG_Jorge_Polanco,Jorge Polanco,2019,UNK,1,3.3,26.5,0.328,0.352,0.19,0.165
FG_Jeremy_Pena,Jeremy Pena,2022,UNK,0,3.3,26.5,0.298,0.309,0.173,0.242
FG_Whit_Merrifield,Whit Merrifield,2017,UNK,0,3.3,26.5,0.308,0.332,0.172,0.14
FG_Luis_Robert_Jr.,Luis Robert Jr.,2023,UNK,1,4.9,39.4,0.314,0.358,0.278,0.289
FG_Kyle_Tucker,Kyle Tucker,2021,UNK,1,4.9,39.4,0.304,0.383,0.263,0.159
FG_Kyle_Schwarber,Kyle Schwarber,2025,UNK,1,4.9,39.4,0.253,0.391,0.323,0.272
FG_Corbin_Carroll,Corbin Carroll,2025,UNK,1,6.5,52.3,0.299,0.371,0.282,0.238
FG_Brian_Anderson,Brian Anderson,2020,UNK,0,1.6,12.8,0.323,0.348,0.21,0.288
FG_Isiah_Kiner-Falefa,Isiah Kiner-Falefa,2021,UNK,0,1.6,12.8,0.304,0.293,0.087,0.133
FG_Jesus_Sanchez,Jesus Sanchez,2024,UNK,0,1.6,12.8,0.315,0.317,0.166,0.261
FG_Yasmani_Grandal,Yasmani Grandal,2020,UNK,0,1.6,12.8,0.299,0.338,0.193,0.299
FG_Ernie_Clement,Ernie Clement,2025,UNK,0,3.2,25.7,0.296,0.308,0.121,0.104
FG_Giancarlo_Stanton,Giancarlo Stanton,2017,UNK,1,6.4,51.5,0.288,0.41,0.35,0.236
FG_Cody_Bellinger,Cody Bellinger,2020,UNK,0,1.6,12.8,0.245,0.337,0.216,0.173
FG_Jose_Ramirez,Jose Ramirez,2021,UNK,1,6.4,51.5,0.256,0.372,0.272,0.1369999999999999
FG_Ty_France,Ty France,2021,UNK,0,3.2,25.7,0.327,0.353,0.154,0.163
FG_Anthony_Santander,Anthony Santander,2024,UNK,0,3.2,25.7,0.225,0.345,0.271,0.1939999999999999
FG_Bo_Bichette,Bo Bichette,2022,UNK,1,4.8,38.6,0.347,0.347,0.179,0.222
FG_Dansby_Swanson,Dansby Swanson,2023,UNK,1,4.8,38.6,0.297,0.325,0.172,0.241
FG_Paul_Goldschmidt,Paul Goldschmidt,2021,UNK,1,4.8,38.6,0.331,0.373,0.221,0.2
FG_Bryan_Reynolds,Bryan Reynolds,2021,UNK,1,6.3,50.7,0.345,0.385,0.22,0.184
FG_Ketel_Marte,Ketel Marte,2019,UNK,1,6.3,50.7,0.342,0.405,0.264,0.1369999999999999
FG_Marcell_Ozuna,Marcell Ozuna,2024,UNK,1,4.7,37.8,0.359,0.395,0.244,0.247
FG_Jose_Ramirez,Jose Ramirez,2020,UNK,1,3.1,24.9,0.294,0.415,0.315,0.1689999999999999
FG_Ke'Bryan_Hayes,Ke'Bryan Hayes,2022,UNK,0,3.1,24.9,0.307,0.294,0.101,0.218
FG_Brandon_Drury,Brandon Drury,2022,UNK,1,3.1,24.9,0.293,0.35,0.23,0.222
FG_Nolan_Arenado,Nolan Arenado,2019,UNK,1,6.1,49.1,0.312,0.392,0.269,0.14
FG_Mike_Trout,Mike Trout,2019,UNK,1,7.6,61.2,0.298,0.436,0.353,0.2
FG_Trevor_Story,Trevor Story,2019,UNK,1,6.0,48.3,0.361,0.38,0.26,0.265
FG_Isiah_Kiner-Falefa,Isiah Kiner-Falefa,2022,UNK,0,1.5,12.0,0.296,0.285,0.066,0.136
FG_Kevin_Pillar,Kevin Pillar,2018,UNK,0,1.5,12.0,0.281,0.302,0.174,0.181
FG_Mike_Yastrzemski,Mike Yastrzemski,2022,UNK,0,1.5,12.0,0.261,0.307,0.177,0.253
FG_Nick_Ahmed,Nick Ahmed,2020,UNK,0,1.5,12.0,0.324,0.318,0.136,0.212
FG_Scott_Schebler,Scott Schebler,2017,UNK,0,1.5,12.0,0.248,0.33,0.252,0.235
FG_Trevor_Story,Trevor Story,2025,UNK,0,3.0,24.1,0.33,0.32,0.17,0.2689999999999999
FG_Nico_Hoerner,Nico Hoerner,2023,UNK,0,4.5,36.2,0.312,0.322,0.1,0.121
FG_Paul_Goldschmidt,Paul Goldschmidt,2019,UNK,0,3.0,24.1,0.303,0.346,0.216,0.243
FG_Jesus_Aguilar,Jesus Aguilar,2018,UNK,1,3.0,24.1,0.309,0.374,0.264,0.253
FG_Chris_Taylor,Chris Taylor,2017,UNK,1,4.5,36.2,0.361,0.361,0.208,0.25
FG_Byron_Buxton,Byron Buxton,2017,UNK,1,4.4,35.4,0.339,0.312,0.16,0.294
FG_Eugenio_Suarez,Eugenio Suarez,2018,UNK,1,4.4,35.4,0.322,0.376,0.243,0.2339999999999999
FG_Jose_Abreu,Jose Abreu,2017,UNK,1,4.4,35.4,0.33,0.377,0.248,0.176
FG_Joey_Gallo,Joey Gallo,2021,UNK,1,4.4,35.4,0.246,0.348,0.259,0.346
FG_Jonathan_India,Jonathan India,2024,UNK,0,2.9,23.3,0.293,0.333,0.144,0.196
FG_Mark_Canha,Mark Canha,2021,UNK,0,2.9,23.3,0.274,0.333,0.156,0.205
FG_Jake_Cronenworth,Jake Cronenworth,2025,UNK,0,2.9,23.3,0.299,0.333,0.131,0.208
FG_Javier_Baez,Javier Baez,2018,UNK,1,5.8,46.7,0.347,0.366,0.264,0.259
FG_Marcus_Semien,Marcus Semien,2018,UNK,0,2.9,23.3,0.296,0.307,0.133,0.186
FG_Jose_Abreu,Jose Abreu,2020,UNK,1,2.9,23.3,0.35,0.411,0.3,0.225
FG_Josh_Smith,Josh Smith,2024,UNK,0,2.9,23.3,0.311,0.323,0.136,0.204
FG_Julio_Rodriguez,Julio Rodriguez,2023,UNK,1,5.8,46.7,0.33,0.347,0.209,0.245
FG_Manny_Machado,Manny Machado,2018,UNK,1,7.2,58.0,0.304,0.377,0.241,0.147
FG_Eugenio_Suarez,Eugenio Suarez,2022,UNK,1,4.3,34.6,0.302,0.344,0.223,0.312
FG_Will_Smith,Will Smith,2022,UNK,1,4.3,34.6,0.276,0.349,0.205,0.166
FG_Julio_Rodriguez,Julio Rodriguez,2022,UNK,1,5.7,45.9,0.345,0.366,0.225,0.259
FG_Yasmani_Grandal,Yasmani Grandal,2019,UNK,1,5.7,45.9,0.279,0.361,0.222,0.22
FG_Odubel_Herrera,Odubel Herrera,2018,UNK,0,1.4,11.2,0.29,0.315,0.165,0.204
FG_Matt_McLain,Matt McLain,2025,UNK,0,1.4,11.2,0.292,0.286,0.124,0.289
FG_Luke_Voit,Luke Voit,2020,UNK,1,1.4,11.2,0.268,0.393,0.333,0.231
FG_Justin_Turner,Justin Turner,2017,UNK,1,5.6,45.1,0.326,0.4,0.208,0.103
FG_Ian_Happ,Ian Happ,2025,UNK,0,2.8,22.5,0.288,0.333,0.178,0.228
FG_Josh_Jung,Josh Jung,2023,UNK,0,2.8,22.5,0.34,0.334,0.201,0.293
FG_Maikel_Garcia,Maikel Garcia,2025,UNK,1,5.6,45.1,0.308,0.347,0.163,0.126
FG_Javier_Baez,Javier Baez,2021,UNK,1,4.1,33.0,0.352,0.344,0.229,0.336
FG_Matt_Carpenter,Matt Carpenter,2018,UNK,1,4.1,33.0,0.291,0.375,0.266,0.233
FG_Trea_Turner,Trea Turner,2023,UNK,1,4.1,33.0,0.31,0.333,0.192,0.217
FG_Matt_Chapman,Matt Chapman,2019,UNK,1,5.4,43.5,0.27,0.354,0.257,0.2189999999999999
FG_Jeremy_Pena,Jeremy Pena,2023,UNK,0,2.7,21.7,0.323,0.31,0.118,0.203
FG_George_Springer,George Springer,2022,UNK,1,4.0,32.2,0.285,0.352,0.205,0.172
FG_Paul_Goldschmidt,Paul Goldschmidt,2017,UNK,1,5.3,42.7,0.343,0.4,0.265,0.221
FG_Tyler_O'Neill,Tyler O'Neill,2021,UNK,1,5.3,42.7,0.366,0.384,0.274,0.313
FG_Nick_Castellanos,Nick Castellanos,2023,UNK,0,1.3,10.4,0.337,0.335,0.204,0.276
FG_Leury_Garcia,Leury Garcia,2019,UNK,0,1.3,10.4,0.353,0.294,0.099,0.225
FG_Edwin_Encarnacion,Edwin Encarnacion,2017,UNK,1,2.6,20.9,0.271,0.373,0.245,0.1989999999999999
FG_Carlos_Correa,Carlos Correa,2025,UNK,0,2.6,20.9,0.328,0.322,0.127,0.193
FG_Sean_Murphy,Sean Murphy,2022,UNK,1,5.2,41.9,0.29,0.331,0.177,0.203
FG_Will_Smith,Will Smith,2024,UNK,0,2.6,20.9,0.273,0.326,0.185,0.193
FG_Wilmer_Flores,Wilmer Flores,2022,UNK,0,1.3,10.4,0.246,0.312,0.166,0.171
FG_Mookie_Betts,Mookie Betts,2021,UNK,1,3.9,31.4,0.276,0.365,0.223,0.156
FG_Jackson_Chourio,Jackson Chourio,2024,UNK,1,3.9,31.4,0.32,0.339,0.189,0.211
FG_Trea_Turner,Trea Turner,2018,UNK,1,5.1,41.1,0.314,0.331,0.145,0.178
FG_Bo_Bichette,Bo Bichette,2025,UNK,1,3.8,30.6,0.342,0.361,0.172,0.145
FG_Bryce_Harper,Bryce Harper,2019,UNK,1,3.8,30.6,0.313,0.365,0.25,0.261
FG_Mark_Canha,Mark Canha,2022,UNK,0,2.5,20.1,0.309,0.343,0.136,0.179
FG_Ian_Kinsler,Ian Kinsler,2017,UNK,0,2.5,20.1,0.244,0.313,0.176,0.14
FG_Juan_Soto,Juan Soto,2020,UNK,1,2.5,20.1,0.363,0.478,0.344,0.143
FG_Manny_Machado,Manny Machado,2019,UNK,0,2.5,20.1,0.274,0.335,0.206,0.1939999999999999
FG_Jake_Cronenworth,Jake Cronenworth,2021,UNK,0,3.7,29.8,0.283,0.341,0.194,0.14
FG_Ian_Happ,Ian Happ,2022,UNK,1,3.7,29.8,0.336,0.339,0.169,0.2319999999999999
FG_Buster_Posey,Buster Posey,2017,UNK,1,4.9,39.5,0.347,0.366,0.142,0.1159999999999999
FG_Brian_Dozier,Brian Dozier,2017,UNK,1,6.0,48.4,0.3,0.362,0.227,0.2
FG_Leody_Taveras,Leody Taveras,2024,UNK,0,1.2,9.6,0.272,0.282,0.123,0.212
FG_Alex_Gordon,Alex Gordon,2018,UNK,0,1.2,9.6,0.299,0.305,0.125,0.218
FG_Eduardo_Escobar,Eduardo Escobar,2018,UNK,1,3.6,29.0,0.308,0.346,0.217,0.2
FG_Yasiel_Puig,Yasiel Puig,2019,UNK,0,2.4,19.3,0.308,0.33,0.191,0.218
FG_Jung_Hoo_Lee,Jung Hoo Lee,2025,UNK,0,2.4,19.3,0.291,0.32,0.141,0.115
FG_Willy_Adames,Willy Adames,2024,UNK,1,4.8,38.7,0.297,0.342,0.211,0.251
FG_Hunter_Renfroe,Hunter Renfroe,2022,UNK,0,2.4,19.3,0.281,0.347,0.236,0.2319999999999999
FG_Corey_Dickerson,Corey Dickerson,2017,UNK,0,2.4,19.3,0.338,0.341,0.207,0.242
FG_Brent_Rooker,Brent Rooker,2025,UNK,0,2.4,19.3,0.302,0.349,0.217,0.222
FG_Orlando_Arcia,Orlando Arcia,2023,UNK,0,2.4,19.3,0.301,0.321,0.156,0.191
FG_Jason_Heyward,Jason Heyward,2019,UNK,0,2.4,19.3,0.281,0.328,0.177,0.187
FG_Tommy_Edman,Tommy Edman,2023,UNK,0,2.4,19.3,0.275,0.306,0.15,0.159
FG_Manny_Machado,Manny Machado,2024,UNK,0,3.5,28.2,0.302,0.34,0.197,0.193
FG_Cody_Bellinger,Cody Bellinger,2018,UNK,1,3.5,28.2,0.313,0.345,0.21,0.239
FG_Chris_Taylor,Chris Taylor,2018,UNK,1,3.5,28.2,0.345,0.335,0.19,0.295
FG_Joey_Votto,Joey Votto,2021,UNK,1,3.5,28.2,0.287,0.391,0.297,0.238
FG_Pete_Alonso,Pete Alonso,2021,UNK,1,3.5,28.2,0.274,0.363,0.257,0.1989999999999999
FG_DJ_LeMahieu,DJ LeMahieu,2020,UNK,1,2.3,18.5,0.37,0.429,0.226,0.0969999999999999
FG_Corey_Seager,Corey Seager,2024,UNK,1,4.6,37.1,0.291,0.365,0.234,0.18
FG_Otto_Lopez,Otto Lopez,2025,UNK,0,2.3,18.5,0.264,0.295,0.121,0.138
FG_Corey_Seager,Corey Seager,2020,UNK,1,2.3,18.5,0.309,0.394,0.278,0.159
FG_Heliot_Ramos,Heliot Ramos,2024,UNK,0,2.3,18.5,0.329,0.339,0.2,0.261
FG_Xander_Bogaerts,Xander Bogaerts,2018,UNK,1,4.6,37.1,0.317,0.373,0.234,0.176
FG_J.T._Realmuto,J.T. Realmuto,2021,UNK,1,4.6,37.1,0.325,0.336,0.176,0.24
FG_DJ_LeMahieu,DJ LeMahieu,2019,UNK,1,5.7,46.0,0.349,0.375,0.191,0.1369999999999999
FG_Tommy_Pham,Tommy Pham,2019,UNK,1,3.4,27.4,0.316,0.349,0.176,0.188
FG_Elvis_Andrus,Elvis Andrus,2022,UNK,0,3.4,27.4,0.272,0.31,0.155,0.159
FG_Nelson_Cruz,Nelson Cruz,2019,UNK,1,4.5,36.3,0.351,0.417,0.328,0.251
FG_Christian_Yelich,Christian Yelich,2022,UNK,0,2.2,17.7,0.327,0.328,0.13,0.241
FG_Freddy_Galvis,Freddy Galvis,2019,UNK,0,2.2,17.7,0.312,0.307,0.178,0.246
FG_Heliot_Ramos,Heliot Ramos,2025,UNK,0,1.1,8.8,0.309,0.319,0.144,0.2269999999999999
FG_Randal_Grichuk,Randal Grichuk,2019,UNK,0,1.1,8.8,0.266,0.307,0.225,0.26
FG_Willy_Adames,Willy Adames,2022,UNK,1,4.4,35.5,0.278,0.325,0.22,0.2689999999999999
FG_Wil_Myers,Wil Myers,2020,UNK,1,2.2,17.7,0.331,0.4,0.318,0.257
FG_Kolten_Wong,Kolten Wong,2020,UNK,0,1.1,8.8,0.311,0.305,0.061,0.144
FG_Rafael_Devers,Rafael Devers,2025,UNK,1,3.3,26.6,0.307,0.365,0.227,0.263
FG_Matt_Chapman,Matt Chapman,2024,UNK,1,5.4,43.6,0.293,0.34,0.216,0.244
FG_Andrelton_Simmons,Andrelton Simmons,2018,UNK,0,4.3,34.7,0.3,0.326,0.125,0.073
FG_Corbin_Carroll,Corbin Carroll,2024,UNK,0,4.3,34.7,0.256,0.325,0.197,0.19
FG_Jurickson_Profar,Jurickson Profar,2024,UNK,1,4.3,34.7,0.302,0.365,0.179,0.151
FG_Elly_De_La_Cruz,Elly De La Cruz,2025,UNK,1,4.3,34.7,0.337,0.333,0.176,0.259
FG_Ketel_Marte,Ketel Marte,2023,UNK,1,4.3,34.7,0.3,0.361,0.209,0.168
FG_Cal_Raleigh,Cal Raleigh,2023,UNK,1,4.3,34.7,0.273,0.326,0.224,0.278
FG_Eugenio_Suarez,Eugenio Suarez,2019,UNK,1,4.3,34.7,0.312,0.381,0.301,0.285
FG_Corey_Seager,Corey Seager,2022,UNK,0,4.3,34.7,0.242,0.331,0.211,0.155
FG_Ender_Inciarte,Ender Inciarte,2018,UNK,0,3.2,25.8,0.293,0.308,0.116,0.13
FG_Domingo_Santana,Domingo Santana,2017,UNK,1,3.2,25.8,0.363,0.372,0.227,0.293
FG_Mallex_Smith,Mallex Smith,2018,UNK,0,3.2,25.8,0.366,0.339,0.11,0.18
FG_Xander_Bogaerts,Xander Bogaerts,2025,UNK,0,3.2,25.8,0.299,0.313,0.128,0.17
FG_Corbin_Carroll,Corbin Carroll,2023,UNK,1,5.3,42.8,0.325,0.37,0.221,0.1939999999999999
FG_Jackson_Merrill,Jackson Merrill,2024,UNK,1,5.3,42.8,0.318,0.352,0.208,0.17
FG_Rafael_Devers,Rafael Devers,2024,UNK,1,4.2,33.9,0.323,0.364,0.244,0.245
FG_Rafael_Devers,Rafael Devers,2021,UNK,1,4.2,33.9,0.307,0.373,0.259,0.215
FG_Josh_Bell,Josh Bell,2022,UNK,0,2.1,16.9,0.296,0.344,0.156,0.158
FG_Alec_Burleson,Alec Burleson,2025,UNK,0,2.1,16.9,0.312,0.346,0.169,0.145
FG_Jose_Altuve,Jose Altuve,2021,UNK,1,5.2,42.0,0.28,0.357,0.211,0.134
FG_Matt_Olson,Matt Olson,2022,UNK,0,3.1,25.0,0.274,0.344,0.237,0.243
FG_Javier_Baez,Javier Baez,2017,UNK,0,3.1,25.0,0.345,0.326,0.207,0.283
FG_Xander_Bogaerts,Xander Bogaerts,2021,UNK,1,4.1,33.1,0.333,0.368,0.198,0.187
FG_Michael_Conforto,Michael Conforto,2019,UNK,1,4.1,33.1,0.29,0.358,0.237,0.23
FG_Teoscar_Hernandez,Teoscar Hernandez,2021,UNK,1,4.0,32.3,0.352,0.369,0.227,0.249
FG_Nick_Ahmed,Nick Ahmed,2018,UNK,0,4.0,32.3,0.265,0.3,0.176,0.193
FG_Willson_Contreras,Willson Contreras,2018,UNK,0,1.0,8.0,0.313,0.321,0.141,0.222
FG_Fernando_Tatis_Jr.,Fernando Tatis Jr.,2023,UNK,1,4.0,32.3,0.299,0.332,0.191,0.222
FG_Adam_Duvall,Adam Duvall,2020,UNK,0,1.0,8.0,0.24,0.348,0.295,0.258
FG_Jurickson_Profar,Jurickson Profar,2019,UNK,0,1.0,8.0,0.218,0.301,0.192,0.145
FG_Ryan_O'Hearn,Ryan O'Hearn,2025,UNK,0,3.0,24.2,0.33,0.349,0.156,0.2
FG_Luis_Garcia_Jr.,Luis Garcia Jr.,2024,UNK,0,3.0,24.2,0.31,0.328,0.162,0.163
FG_Steven_Kwan,Steven Kwan,2023,UNK,0,3.0,24.2,0.294,0.313,0.102,0.104
FG_Riley_Greene,Riley Greene,2024,UNK,1,3.9,31.5,0.329,0.355,0.217,0.267
FG_Jed_Lowrie,Jed Lowrie,2017,UNK,1,3.9,31.5,0.314,0.347,0.171,0.155
FG_Khris_Davis,Khris Davis,2018,UNK,1,2.9,23.4,0.261,0.365,0.302,0.268
FG_Riley_Greene,Riley Greene,2025,UNK,1,2.9,23.4,0.323,0.343,0.235,0.307
FG_Nathaniel_Lowe,Nathaniel Lowe,2024,UNK,0,2.9,23.4,0.324,0.337,0.136,0.221
FG_Jackson_Chourio,Jackson Chourio,2025,UNK,0,2.9,23.4,0.308,0.328,0.193,0.205
FG_Carlos_Santana,Carlos Santana,2017,UNK,0,2.9,23.4,0.274,0.35,0.196,0.141
FG_Willi_Castro,Willi Castro,2024,UNK,0,2.9,23.4,0.315,0.317,0.138,0.236
FG_Taylor_Ward,Taylor Ward,2025,UNK,0,2.9,23.4,0.257,0.339,0.247,0.264
FG_Carlos_Santana,Carlos Santana,2024,UNK,0,2.9,23.4,0.252,0.326,0.182,0.1669999999999999
FG_Avisail_Garcia,Avisail Garcia,2019,UNK,0,1.9,15.3,0.34,0.334,0.182,0.236
FG_Jake_Cronenworth,Jake Cronenworth,2020,UNK,0,1.9,15.3,0.324,0.356,0.192,0.156
FG_Dansby_Swanson,Dansby Swanson,2019,UNK,0,1.9,15.3,0.3,0.317,0.172,0.228
FG_Amed_Rosario,Amed Rosario,2019,UNK,0,1.9,15.3,0.338,0.318,0.144,0.1889999999999999
FG_Trevor_Story,Trevor Story,2017,UNK,0,1.9,15.3,0.332,0.323,0.219,0.344
FG_Daulton_Varsho,Daulton Varsho,2023,UNK,0,1.9,15.3,0.256,0.293,0.169,0.2319999999999999
FG_Colton_Cowser,Colton Cowser,2024,UNK,1,3.8,30.7,0.317,0.331,0.204,0.307
FG_Brett_Gardner,Brett Gardner,2017,UNK,0,3.8,30.7,0.3,0.336,0.163,0.179
FG_Ryan_McMahon,Ryan McMahon,2024,UNK,0,1.9,15.3,0.32,0.315,0.155,0.287
FG_Andrew_Benintendi,Andrew Benintendi,2017,UNK,0,1.9,15.3,0.301,0.332,0.154,0.17
FG_Gregory_Polanco,Gregory Polanco,2018,UNK,1,2.8,22.6,0.287,0.353,0.245,0.2189999999999999
FG_Joc_Pederson,Joc Pederson,2019,UNK,1,2.8,22.6,0.249,0.362,0.289,0.216
FG_Taylor_Ward,Taylor Ward,2024,UNK,0,2.8,22.6,0.294,0.325,0.179,0.246
FG_Yoan_Moncada,Yoan Moncada,2021,UNK,1,3.7,29.9,0.35,0.347,0.148,0.255
FG_Mookie_Betts,Mookie Betts,2017,UNK,1,4.6,37.2,0.268,0.339,0.194,0.111
FG_David_Freese,David Freese,2017,UNK,0,1.8,14.5,0.336,0.326,0.108,0.231
FG_Austin_Hays,Austin Hays,2021,UNK,0,1.8,14.5,0.286,0.328,0.205,0.2019999999999999
FG_DJ_LeMahieu,DJ LeMahieu,2018,UNK,0,1.8,14.5,0.298,0.322,0.152,0.141
FG_Ha-seong_Kim,Ha-seong Kim,2022,UNK,0,3.6,29.1,0.29,0.313,0.132,0.172
FG_Adley_Rutschman,Adley Rutschman,2024,UNK,0,2.7,21.8,0.272,0.309,0.14,0.161
FG_Andrew_McCutchen,Andrew McCutchen,2017,UNK,1,3.6,29.1,0.305,0.36,0.207,0.178
FG_Luis_Arraez,Luis Arraez,2022,UNK,0,2.7,21.8,0.331,0.35,0.104,0.071
FG_Brandon_Drury,Brandon Drury,2023,UNK,0,2.7,21.8,0.308,0.339,0.235,0.26
FG_Jake_Cronenworth,Jake Cronenworth,2022,UNK,0,3.6,29.1,0.275,0.318,0.152,0.192
FG_Zach_Neto,Zach Neto,2024,UNK,0,3.5,28.3,0.295,0.33,0.194,0.233
FG_Nelson_Cruz,Nelson Cruz,2017,UNK,1,3.5,28.3,0.315,0.385,0.261,0.217
FG_Jean_Segura,Jean Segura,2017,UNK,0,3.5,28.3,0.339,0.334,0.128,0.147
FG_Scooter_Gennett,Scooter Gennett,2018,UNK,1,3.5,28.3,0.358,0.362,0.18,0.196
FG_Carlos_Correa,Carlos Correa,2023,UNK,0,1.7,13.7,0.272,0.309,0.169,0.226
FG_Yandy_Diaz,Yandy Diaz,2021,UNK,0,1.7,13.7,0.286,0.325,0.131,0.157
FG_Ryan_Mountcastle,Ryan Mountcastle,2022,UNK,0,1.7,13.7,0.303,0.316,0.173,0.253
FG_Alec_Bohm,Alec Bohm,2024,UNK,0,3.4,27.5,0.305,0.335,0.168,0.142
FG_Josh_Donaldson,Josh Donaldson,2021,UNK,1,3.4,27.5,0.268,0.353,0.228,0.21
FG_Nick_Markakis,Nick Markakis,2018,UNK,0,2.5,20.2,0.318,0.345,0.143,0.113
FG_Leody_Taveras,Leody Taveras,2023,UNK,0,2.5,20.2,0.318,0.316,0.155,0.211
FG_Anthony_Santander,Anthony Santander,2023,UNK,0,2.5,20.2,0.299,0.34,0.215,0.2319999999999999
FG_Xavier_Edwards,Xavier Edwards,2025,UNK,0,2.5,20.2,0.33,0.308,0.07,0.142
FG_Dee_Strange-Gordon,Dee Strange-Gordon,2017,UNK,0,2.5,20.2,0.354,0.312,0.067,0.134
FG_Anthony_Rendon,Anthony Rendon,2020,UNK,1,2.5,20.2,0.302,0.395,0.212,0.134
FG_Yadier_Molina,Yadier Molina,2017,UNK,0,2.5,20.2,0.285,0.316,0.166,0.136
FG_Kyle_Schwarber,Kyle Schwarber,2024,UNK,1,3.3,26.7,0.301,0.366,0.237,0.285
FG_Vladimir_Guerrero_Jr.,Vladimir Guerrero Jr.,2022,UNK,1,3.3,26.7,0.289,0.351,0.205,0.1639999999999999
FG_Dansby_Swanson,Dansby Swanson,2025,UNK,0,3.3,26.7,0.298,0.31,0.173,0.26
FG_Elvis_Andrus,Elvis Andrus,2017,UNK,1,4.1,33.2,0.325,0.344,0.174,0.147
FG_TJ_Friedl,TJ Friedl,2023,UNK,1,4.1,33.2,0.308,0.353,0.189,0.162
FG_Ender_Inciarte,Ender Inciarte,2017,UNK,0,4.0,32.4,0.339,0.328,0.106,0.131
FG_Willy_Adames,Willy Adames,2025,UNK,0,4.0,32.4,0.263,0.321,0.196,0.261
FG_Justin_Turner,Justin Turner,2021,UNK,1,4.0,32.4,0.292,0.358,0.193,0.16
FG_Colin_Moran,Colin Moran,2020,UNK,0,0.8,6.4,0.291,0.34,0.225,0.26
FG_Stephen_Piscotty,Stephen Piscotty,2018,UNK,1,3.2,25.9,0.29,0.351,0.223,0.188
FG_Jean_Segura,Jean Segura,2019,UNK,0,1.6,12.9,0.302,0.315,0.141,0.118
FG_Joey_Gallo,Joey Gallo,2017,UNK,1,2.4,19.4,0.25,0.364,0.327,0.368
FG_Shea_Langeliers,Shea Langeliers,2025,UNK,1,3.9,31.6,0.29,0.364,0.26,0.1969999999999999
FG_Joey_Wendle,Joey Wendle,2018,UNK,1,3.9,31.6,0.353,0.338,0.136,0.176
FG_Francisco_Lindor,Francisco Lindor,2021,UNK,0,3.9,31.6,0.248,0.317,0.181,0.183
FG_Christian_Walker,Christian Walker,2022,UNK,1,3.9,31.6,0.248,0.346,0.235,0.196
FG_Eugenio_Suarez,Eugenio Suarez,2017,UNK,1,3.9,31.6,0.309,0.356,0.2,0.233
FG_Zach_Neto,Zach Neto,2025,UNK,0,3.1,25.1,0.312,0.337,0.217,0.2689999999999999
FG_CJ_Abrams,CJ Abrams,2025,UNK,0,3.1,25.1,0.296,0.324,0.176,0.1969999999999999
FG_C.J._Cron,C.J. Cron,2018,UNK,0,2.3,18.6,0.293,0.347,0.24,0.259
FG_Luis_Urias,Luis Urias,2021,UNK,0,2.3,18.6,0.28,0.34,0.196,0.204
FG_Anthony_Santander,Anthony Santander,2022,UNK,0,2.3,18.6,0.248,0.336,0.214,0.1889999999999999
FG_Bobby_Witt_Jr.,Bobby Witt Jr.,2022,UNK,0,2.3,18.6,0.295,0.311,0.174,0.214
FG_Eugenio_Suarez,Eugenio Suarez,2024,UNK,1,3.8,30.8,0.309,0.337,0.214,0.275
FG_Robbie_Grossman,Robbie Grossman,2020,UNK,0,1.5,12.1,0.267,0.351,0.241,0.198
FG_David_Peralta,David Peralta,2021,UNK,0,1.5,12.1,0.303,0.314,0.144,0.171
FG_Vinnie_Pasquantino,Vinnie Pasquantino,2024,UNK,0,1.5,12.1,0.265,0.325,0.183,0.128
FG_Teoscar_Hernandez,Teoscar Hernandez,2022,UNK,1,3.0,24.3,0.335,0.348,0.224,0.284
FG_Todd_Frazier,Todd Frazier,2017,UNK,0,3.0,24.3,0.226,0.335,0.215,0.217
FG_J.P._Crawford,J.P. Crawford,2022,UNK,0,2.2,17.8,0.275,0.306,0.093,0.133
FG_Rhys_Hoskins,Rhys Hoskins,2019,UNK,0,2.2,17.8,0.267,0.347,0.228,0.245
FG_Kyle_Schwarber,Kyle Schwarber,2022,UNK,0,2.2,17.8,0.24,0.355,0.286,0.299
FG_Robinson_Cano,Robinson Cano,2017,UNK,0,2.9,23.5,0.294,0.334,0.172,0.131
FG_Lane_Thomas,Lane Thomas,2023,UNK,0,2.9,23.5,0.325,0.334,0.201,0.258
FG_Corey_Dickerson,Corey Dickerson,2018,UNK,0,2.9,23.5,0.333,0.341,0.175,0.15
FG_Jackie_Bradley_Jr.,Jackie Bradley Jr.,2018,UNK,0,2.9,23.5,0.299,0.31,0.169,0.256
FG_Ben_Zobrist,Ben Zobrist,2018,UNK,0,2.9,23.5,0.331,0.355,0.134,0.115
FG_William_Contreras,William Contreras,2025,UNK,0,3.6,29.2,0.299,0.332,0.14,0.182
FG_Daniel_Murphy,Daniel Murphy,2017,UNK,1,3.6,29.2,0.341,0.385,0.221,0.13
FG_Lourdes_Gurriel_Jr.,Lourdes Gurriel Jr.,2024,UNK,0,2.1,17.0,0.313,0.327,0.156,0.183
FG_Mike_Yastrzemski,Mike Yastrzemski,2021,UNK,0,2.1,17.0,0.254,0.326,0.233,0.246
FG_Alec_Bohm,Alec Bohm,2022,UNK,0,1.4,11.3,0.319,0.31,0.118,0.174
FG_Joe_Mauer,Joe Mauer,2017,UNK,0,2.8,22.7,0.349,0.349,0.112,0.139
FG_Jose_Abreu,Jose Abreu,2021,UNK,0,2.8,22.7,0.293,0.354,0.219,0.217
FG_Marcus_Semien,Marcus Semien,2025,UNK,0,2.1,17.0,0.251,0.295,0.134,0.174
FG_Nolan_Schanuel,Nolan Schanuel,2025,UNK,0,1.4,11.3,0.286,0.327,0.125,0.126
FG_Kole_Calhoun,Kole Calhoun,2019,UNK,0,2.1,17.0,0.265,0.33,0.236,0.256
FG_Nelson_Cruz,Nelson Cruz,2018,UNK,1,2.8,22.7,0.264,0.361,0.252,0.206
FG_Michael_Brantley,Michael Brantley,2021,UNK,0,2.1,17.0,0.337,0.347,0.126,0.104
FG_Charlie_Blackmon,Charlie Blackmon,2019,UNK,1,2.1,17.0,0.334,0.387,0.262,0.1639999999999999
FG_Kyle_Farmer,Kyle Farmer,2021,UNK,0,2.1,17.0,0.296,0.316,0.153,0.183
FG_Kyle_Schwarber,Kyle Schwarber,2019,UNK,0,2.1,17.0,0.276,0.357,0.282,0.256
FG_Christian_Vazquez,Christian Vazquez,2019,UNK,0,3.4,27.6,0.305,0.331,0.201,0.1939999999999999
FG_Jonathan_Villar,Jonathan Villar,2019,UNK,1,3.4,27.6,0.341,0.335,0.179,0.246
FG_Michael_Conforto,Michael Conforto,2018,UNK,0,3.4,27.6,0.289,0.342,0.204,0.249
FG_Odubel_Herrera,Odubel Herrera,2017,UNK,0,2.7,21.9,0.345,0.329,0.171,0.2239999999999999
FG_Jeremy_Pena,Jeremy Pena,2024,UNK,0,2.7,21.9,0.301,0.305,0.128,0.171
FG_Yadier_Molina,Yadier Molina,2018,UNK,0,2.7,21.9,0.264,0.323,0.174,0.131
FG_Eduardo_Escobar,Eduardo Escobar,2019,UNK,0,2.7,21.9,0.283,0.341,0.242,0.186
FG_Mike_Moustakas,Mike Moustakas,2019,UNK,0,2.7,21.9,0.25,0.348,0.262,0.168
FG_Mookie_Betts,Mookie Betts,2020,UNK,1,2.7,21.9,0.289,0.39,0.269,0.154
FG_J.T._Realmuto,J.T. Realmuto,2023,UNK,0,2.0,16.2,0.307,0.324,0.2,0.256
FG_Matt_Kemp,Matt Kemp,2018,UNK,0,2.0,16.2,0.339,0.348,0.19,0.2269999999999999
FG_Spencer_Steer,Spencer Steer,2023,UNK,0,2.0,16.2,0.318,0.355,0.192,0.209
FG_Evan_Longoria,Evan Longoria,2019,UNK,0,2.0,16.2,0.291,0.322,0.183,0.22
FG_Eddie_Rosario,Eddie Rosario,2023,UNK,0,1.3,10.5,0.3,0.322,0.195,0.236
FG_Jorge_Polanco,Jorge Polanco,2025,UNK,0,2.6,21.1,0.269,0.35,0.229,0.156
FG_Ty_France,Ty France,2022,UNK,0,2.6,21.1,0.296,0.337,0.162,0.153
FG_Michael_A._Taylor,Michael A. Taylor,2021,UNK,0,1.9,15.4,0.319,0.286,0.112,0.273
FG_Miguel_Rojas,Miguel Rojas,2021,UNK,0,1.9,15.4,0.295,0.311,0.127,0.1369999999999999
FG_Shin-Soo_Choo,Shin-Soo Choo,2018,UNK,0,1.9,15.4,0.33,0.355,0.17,0.235
FG_Michael_Conforto,Michael Conforto,2020,UNK,1,1.9,15.4,0.412,0.401,0.193,0.245
FG_Brett_Gardner,Brett Gardner,2018,UNK,0,1.9,15.4,0.272,0.305,0.132,0.176
FG_Yandy_Diaz,Yandy Diaz,2024,UNK,0,1.9,15.4,0.314,0.331,0.133,0.153
FG_Josh_Rojas,Josh Rojas,2022,UNK,0,2.5,20.3,0.323,0.326,0.122,0.192
FG_Jurickson_Profar,Jurickson Profar,2022,UNK,0,2.5,20.3,0.272,0.32,0.148,0.157
FG_Max_Muncy,Max Muncy,2023,UNK,0,2.5,20.3,0.221,0.344,0.263,0.264
FG_Lars_Nootbaar,Lars Nootbaar,2023,UNK,0,3.1,25.2,0.307,0.344,0.157,0.1969999999999999
FG_Josh_Naylor,Josh Naylor,2025,UNK,0,3.1,25.2,0.315,0.351,0.168,0.1369999999999999
FG_Daulton_Varsho,Daulton Varsho,2024,UNK,0,3.1,25.2,0.262,0.304,0.194,0.267
FG_Gleyber_Torres,Gleyber Torres,2024,UNK,0,1.8,14.6,0.306,0.313,0.121,0.205
FG_Eddie_Rosario,Eddie Rosario,2019,UNK,0,1.2,9.7,0.273,0.329,0.224,0.146
FG_Jazz_Chisholm_Jr.,Jazz Chisholm Jr.,2021,UNK,0,1.8,14.6,0.319,0.312,0.177,0.286
FG_Brendan_Rodgers,Brendan Rodgers,2022,UNK,0,1.8,14.6,0.304,0.321,0.142,0.174
FG_Kyle_Tucker,Kyle Tucker,2020,UNK,0,1.8,14.6,0.303,0.349,0.244,0.2019999999999999
FG_Alex_Verdugo,Alex Verdugo,2024,UNK,0,0.6,4.8,0.253,0.283,0.123,0.15
FG_Brandon_Phillips,Brandon Phillips,2017,UNK,0,0.6,4.8,0.308,0.316,0.131,0.121
FG_Jeimer_Candelario,Jeimer Candelario,2020,UNK,1,1.8,14.6,0.372,0.373,0.205,0.238
FG_Patrick_Wisdom,Patrick Wisdom,2022,UNK,0,1.2,9.7,0.274,0.316,0.22,0.3429999999999999
FG_Giancarlo_Stanton,Giancarlo Stanton,2021,UNK,1,3.0,24.4,0.324,0.37,0.243,0.271
FG_Ben_Rice,Ben Rice,2025,UNK,1,3.0,24.4,0.271,0.358,0.244,0.1889999999999999
FG_Christian_Walker,Christian Walker,2019,UNK,1,3.0,24.4,0.312,0.346,0.217,0.257
FG_Matt_Duffy,Matt Duffy,2018,UNK,0,2.4,19.5,0.353,0.323,0.072,0.166
FG_Eric_Thames,Eric Thames,2017,UNK,1,2.4,19.5,0.309,0.369,0.271,0.296
FG_Matt_Chapman,Matt Chapman,2023,UNK,0,2.9,23.6,0.319,0.328,0.185,0.284
FG_David_Fletcher,David Fletcher,2019,UNK,0,2.9,23.6,0.317,0.318,0.094,0.098
FG_Josh_Harrison,Josh Harrison,2021,UNK,0,2.3,18.7,0.313,0.325,0.121,0.134
FG_Matt_Vierling,Matt Vierling,2024,UNK,0,2.3,18.7,0.303,0.317,0.166,0.213
FG_C.J._Cron,C.J. Cron,2021,UNK,1,2.3,18.7,0.316,0.383,0.249,0.214
FG_Carlos_Santana,Carlos Santana,2018,UNK,0,2.3,18.7,0.231,0.333,0.186,0.1369999999999999
FG_Yolmer_Sanchez,Yolmer Sanchez,2018,UNK,0,2.3,18.7,0.3,0.297,0.13,0.208
FG_Lourdes_Gurriel_Jr.,Lourdes Gurriel Jr.,2021,UNK,0,1.7,13.8,0.305,0.333,0.19,0.1889999999999999
FG_Colt_Keith,Colt Keith,2024,UNK,0,1.7,13.8,0.306,0.301,0.12,0.198
FG_Trent_Grisham,Trent Grisham,2022,UNK,0,1.7,13.8,0.231,0.28,0.157,0.286
FG_Christian_Walker,Christian Walker,2025,UNK,0,1.1,8.9,0.291,0.31,0.183,0.2769999999999999
FG_Zach_McKinstry,Zach McKinstry,2023,UNK,0,1.1,8.9,0.284,0.289,0.121,0.218
FG_Franmil_Reyes,Franmil Reyes,2019,UNK,0,1.1,8.9,0.279,0.338,0.263,0.285
FG_Luis_Arraez,Luis Arraez,2024,UNK,0,1.1,8.9,0.324,0.323,0.078,0.043
FG_Eugenio_Suarez,Eugenio Suarez,2020,UNK,0,1.1,8.9,0.214,0.332,0.268,0.29
FG_Nolan_Arenado,Nolan Arenado,2023,UNK,0,2.7,22.0,0.279,0.327,0.193,0.165
FG_Adam_Duvall,Adam Duvall,2017,UNK,0,2.7,22.0,0.29,0.327,0.232,0.263
FG_J.D._Martinez,J.D. Martinez,2021,UNK,1,2.7,22.0,0.34,0.364,0.232,0.237
FG_Josh_Harrison,Josh Harrison,2017,UNK,0,2.7,22.0,0.303,0.332,0.16,0.166
FG_Josh_Donaldson,Josh Donaldson,2022,UNK,0,1.6,13.0,0.283,0.302,0.153,0.271
FG_Jose_Altuve,Jose Altuve,2025,UNK,0,2.1,17.1,0.283,0.331,0.177,0.1669999999999999
FG_Bryan_Reynolds,Bryan Reynolds,2023,UNK,0,2.1,17.1,0.304,0.338,0.197,0.216
FG_Mitch_Haniger,Mitch Haniger,2021,UNK,0,2.1,17.1,0.281,0.34,0.232,0.245
FG_Yolmer_Sanchez,Yolmer Sanchez,2017,UNK,0,2.1,17.1,0.321,0.313,0.147,0.208
FG_Gleyber_Torres,Gleyber Torres,2022,UNK,0,2.6,21.2,0.295,0.328,0.194,0.226
FG_Marcell_Ozuna,Marcell Ozuna,2020,UNK,1,2.6,21.2,0.391,0.444,0.298,0.225
FG_Caleb_Durbin,Caleb Durbin,2025,UNK,0,2.6,21.2,0.265,0.319,0.13,0.099
FG_Sal_Frelick,Sal Frelick,2024,UNK,0,1.5,12.2,0.306,0.292,0.076,0.149
FG_Carlos_Santana,Carlos Santana,2023,UNK,0,1.5,12.2,0.255,0.323,0.189,0.168
FG_Wil_Myers,Wil Myers,2017,UNK,0,1.5,12.2,0.297,0.335,0.22,0.2769999999999999
FG_Austin_Meadows,Austin Meadows,2021,UNK,0,1.5,12.2,0.249,0.327,0.224,0.206
FG_Anthony_Volpe,Anthony Volpe,2025,UNK,0,1.0,8.1,0.252,0.286,0.18,0.252
FG_Nathaniel_Lowe,Nathaniel Lowe,2021,UNK,0,2.0,16.3,0.339,0.337,0.151,0.252
FG_Max_Muncy,Max Muncy,2022,UNK,0,2.0,16.3,0.227,0.318,0.188,0.25
FG_Christian_Yelich,Christian Yelich,2025,UNK,0,2.4,19.6,0.323,0.343,0.188,0.259
FG_Jordy_Mercer,Jordy Mercer,2017,UNK,0,1.9,15.5,0.284,0.308,0.151,0.158
FG_Joe_Panik,Joe Panik,2017,UNK,0,1.9,15.5,0.301,0.329,0.133,0.094
FG_Ryan_McMahon,Ryan McMahon,2025,UNK,0,1.9,15.5,0.294,0.306,0.167,0.3229999999999999
FG_Zack_Gelof,Zack Gelof,2024,UNK,0,1.4,11.4,0.296,0.276,0.151,0.344
FG_Miguel_Rojas,Miguel Rojas,2018,UNK,0,1.4,11.4,0.272,0.282,0.094,0.131
FG_Andrew_Benintendi,Andrew Benintendi,2021,UNK,0,1.4,11.4,0.309,0.328,0.166,0.18
FG_Luke_Voit,Luke Voit,2019,UNK,0,1.4,11.4,0.345,0.36,0.2,0.278
FG_Mike_Yastrzemski,Mike Yastrzemski,2025,UNK,0,2.3,18.8,0.263,0.321,0.17,0.1939999999999999
FG_Spencer_Torkelson,Spencer Torkelson,2025,UNK,0,2.3,18.8,0.283,0.339,0.217,0.26
FG_Jose_Iglesias,Jose Iglesias,2019,UNK,0,1.8,14.7,0.315,0.306,0.119,0.132
FG_Bryce_Harper,Bryce Harper,2020,UNK,1,1.8,14.7,0.279,0.4,0.274,0.176
FG_Marwin_Gonzalez,Marwin Gonzalez,2018,UNK,0,1.8,14.7,0.301,0.318,0.162,0.228
FG_Trey_Mancini,Trey Mancini,2017,UNK,0,1.8,14.7,0.352,0.349,0.195,0.237
FG_Kyle_Schwarber,Kyle Schwarber,2018,UNK,0,2.2,18.0,0.288,0.343,0.229,0.275
FG_Ozzie_Albies,Ozzie Albies,2025,UNK,0,1.3,10.6,0.259,0.295,0.124,0.141
FG_Adalberto_Mondesi,Adalberto Mondesi,2020,UNK,0,1.3,10.6,0.35,0.305,0.16,0.3
FG_Jesus_Aguilar,Jesus Aguilar,2021,UNK,0,1.3,10.6,0.279,0.334,0.198,0.182
FG_Manny_Machado,Manny Machado,2017,UNK,0,1.7,13.9,0.265,0.328,0.213,0.1669999999999999
FG_Mark_Canha,Mark Canha,2023,UNK,0,1.7,13.9,0.293,0.333,0.138,0.156
FG_Alec_Bohm,Alec Bohm,2025,UNK,0,1.7,13.9,0.324,0.322,0.123,0.163
FG_Logan_O'Hoppe,Logan O'Hoppe,2024,UNK,0,2.1,17.2,0.318,0.311,0.165,0.297
FG_Ian_Kinsler,Ian Kinsler,2018,UNK,0,1.6,13.1,0.25,0.298,0.14,0.12
FG_Rougned_Odor,Rougned Odor,2019,UNK,0,0.8,6.5,0.244,0.302,0.234,0.306
FG_Elvis_Andrus,Elvis Andrus,2021,UNK,0,1.6,13.1,0.283,0.27,0.076,0.15
FG_Amed_Rosario,Amed Rosario,2018,UNK,0,0.4,3.2,0.31,0.29,0.125,0.201
FG_Ryan_Braun,Ryan Braun,2019,UNK,0,2.0,16.4,0.325,0.354,0.22,0.207
FG_Adam_Eaton,Adam Eaton,2019,UNK,0,2.0,16.4,0.319,0.342,0.148,0.162
FG_Jeimer_Candelario,Jeimer Candelario,2018,UNK,0,2.0,16.4,0.279,0.311,0.169,0.258
FG_Kole_Calhoun,Kole Calhoun,2017,UNK,0,1.2,9.8,0.284,0.315,0.148,0.205
FG_Whit_Merrifield,Whit Merrifield,2023,UNK,0,1.2,9.8,0.313,0.304,0.11,0.171
FG_Jo_Adell,Jo Adell,2025,UNK,0,1.2,9.8,0.257,0.333,0.249,0.264
FG_Marcell_Ozuna,Marcell Ozuna,2025,UNK,0,1.2,9.8,0.28,0.334,0.168,0.243
FG_Anthony_Volpe,Anthony Volpe,2023,UNK,0,1.9,15.6,0.259,0.29,0.174,0.278
FG_Jake_Meyers,Jake Meyers,2024,UNK,0,1.9,15.6,0.263,0.285,0.141,0.228
FG_Mike_Moustakas,Mike Moustakas,2018,UNK,0,1.9,15.6,0.259,0.329,0.208,0.162
FG_Nelson_Cruz,Nelson Cruz,2020,UNK,1,1.9,15.6,0.36,0.411,0.292,0.271
FG_Kyle_Farmer,Kyle Farmer,2022,UNK,0,1.5,12.3,0.286,0.309,0.131,0.17
FG_Seth_Brown,Seth Brown,2022,UNK,0,1.5,12.3,0.273,0.323,0.214,0.263
FG_Brandon_Crawford,Brandon Crawford,2020,UNK,0,1.5,12.3,0.303,0.334,0.209,0.244
FG_Ramon_Laureano,Ramon Laureano,2020,UNK,0,1.1,9.0,0.27,0.315,0.153,0.261
FG_Francisco_Lindor,Francisco Lindor,2020,UNK,0,1.8,14.8,0.28,0.324,0.157,0.154
FG_LaMonte_Wade_Jr.,LaMonte Wade Jr.,2023,UNK,0,1.8,14.8,0.29,0.347,0.161,0.183
FG_Adam_Jones,Adam Jones,2017,UNK,0,1.4,11.5,0.312,0.334,0.181,0.178
FG_Adam_Frazier,Adam Frazier,2020,UNK,0,0.7,5.7,0.246,0.291,0.134,0.152
FG_Hunter_Dozier,Hunter Dozier,2020,UNK,0,0.7,5.7,0.288,0.326,0.165,0.258
FG_Nolan_Schanuel,Nolan Schanuel,2024,UNK,0,0.7,5.7,0.285,0.315,0.112,0.17
FG_Jake_Burger,Jake Burger,2024,UNK,0,1.4,11.5,0.292,0.325,0.209,0.259
FG_Ryan_Mountcastle,Ryan Mountcastle,2024,UNK,0,1.4,11.5,0.327,0.316,0.154,0.225
FG_Lorenzo_Cain,Lorenzo Cain,2019,UNK,0,1.4,11.5,0.301,0.302,0.112,0.17
FG_J.P._Crawford,J.P. Crawford,2020,UNK,0,1.4,11.5,0.303,0.303,0.083,0.168
FG_Brandon_Lowe,Brandon Lowe,2025,UNK,0,1.7,14.0,0.297,0.334,0.221,0.2689999999999999
FG_Orlando_Arcia,Orlando Arcia,2020,UNK,0,1.0,8.2,0.292,0.317,0.156,0.1689999999999999
FG_Manuel_Margot,Manuel Margot,2018,UNK,0,1.0,8.2,0.281,0.288,0.138,0.17
FG_Ceddanne_Rafaela,Ceddanne Rafaela,2024,UNK,0,1.0,8.2,0.312,0.286,0.143,0.264
FG_Jeff_McNeil,Jeff McNeil,2020,UNK,0,1.3,10.7,0.335,0.36,0.142,0.115
FG_Spencer_Torkelson,Spencer Torkelson,2023,UNK,0,1.3,10.7,0.269,0.326,0.213,0.25
FG_Evan_Longoria,Evan Longoria,2020,UNK,0,0.9,7.4,0.28,0.308,0.171,0.187
FG_Yoan_Moncada,Yoan Moncada,2020,UNK,0,0.9,7.4,0.315,0.309,0.16,0.312
FG_Vladimir_Guerrero_Jr.,Vladimir Guerrero Jr.,2023,UNK,0,1.2,9.9,0.277,0.34,0.179,0.147
FG_Nick_Castellanos,Nick Castellanos,2020,UNK,0,0.3,2.4,0.257,0.329,0.261,0.285
FG_Vladimir_Guerrero_Jr.,Vladimir Guerrero Jr.,2019,UNK,0,0.3,2.4,0.308,0.329,0.162,0.177
FG_Ketel_Marte,Ketel Marte,2020,UNK,0,0.6,4.9,0.311,0.316,0.122,0.108
FG_J.D._Davis,J.D. Davis,2020,UNK,0,0.6,4.9,0.318,0.339,0.142,0.245
FG_Jackson_Holliday,Jackson Holliday,2025,UNK,0,1.2,9.9,0.291,0.304,0.133,0.216
FG_Randal_Grichuk,Randal Grichuk,2021,UNK,0,0.6,4.9,0.266,0.3,0.182,0.209
FG_Alex_Verdugo,Alex Verdugo,2023,UNK,0,1.5,12.4,0.294,0.322,0.158,0.154
FG_J.D._Martinez,J.D. Martinez,2022,UNK,0,1.4,11.6,0.345,0.343,0.174,0.243
FG_Asdrubal_Cabrera,Asdrubal Cabrera,2017,UNK,0,1.4,11.6,0.31,0.338,0.154,0.154
FG_Orlando_Arcia,Orlando Arcia,2024,UNK,0,0.8,6.6,0.249,0.273,0.136,0.213
FG_Miguel_Vargas,Miguel Vargas,2025,UNK,0,1.3,10.8,0.261,0.314,0.167,0.176
FG_Luis_Robert_Jr.,Luis Robert Jr.,2020,UNK,0,1.3,10.8,0.3,0.316,0.203,0.322
FG_Chase_Meidroth,Chase Meidroth,2025,UNK,0,1.3,10.8,0.291,0.294,0.067,0.143
FG_Gavin_Sheets,Gavin Sheets,2025,UNK,0,1.3,10.8,0.284,0.323,0.177,0.196
FG_Raimel_Tapia,Raimel Tapia,2021,UNK,0,0.5,4.1,0.306,0.305,0.099,0.131
FG_Andrew_McCutchen,Andrew McCutchen,2024,UNK,0,0.5,4.1,0.283,0.325,0.179,0.258
FG_Yoan_Moncada,Yoan Moncada,2018,UNK,0,1.0,8.3,0.344,0.311,0.164,0.3339999999999999
FG_Brian_Dozier,Brian Dozier,2018,UNK,0,1.0,8.3,0.24,0.304,0.175,0.204
FG_Daniel_Vogelbach,Daniel Vogelbach,2019,UNK,0,1.0,8.3,0.232,0.333,0.232,0.267
FG_Maikel_Garcia,Maikel Garcia,2024,UNK,0,1.2,10.0,0.268,0.27,0.101,0.165
FG_Luis_Garcia_Jr.,Luis Garcia Jr.,2025,UNK,0,0.7,5.8,0.27,0.3,0.16,0.16
FG_Michael_Brantley,Michael Brantley,2020,UNK,0,1.1,9.2,0.336,0.362,0.176,0.15
FG_Josh_Bell,Josh Bell,2023,UNK,0,0.4,3.3,0.287,0.323,0.172,0.217
FG_Lars_Nootbaar,Lars Nootbaar,2025,UNK,0,0.8,6.7,0.279,0.304,0.128,0.204
FG_Joe_Mauer,Joe Mauer,2018,UNK,0,0.8,6.7,0.33,0.319,0.097,0.158
FG_Ryan_Mountcastle,Ryan Mountcastle,2021,UNK,0,0.8,6.7,0.297,0.335,0.232,0.275
FG_Evan_Longoria,Evan Longoria,2018,UNK,0,0.4,3.3,0.274,0.295,0.169,0.1969999999999999
FG_Isiah_Kiner-Falefa,Isiah Kiner-Falefa,2020,UNK,0,1.0,8.4,0.316,0.307,0.09,0.14
FG_Rowdy_Tellez,Rowdy Tellez,2022,UNK,0,1.0,8.4,0.215,0.327,0.242,0.2019999999999999
FG_Rhys_Hoskins,Rhys Hoskins,2024,UNK,0,0.2,1.6,0.25,0.313,0.205,0.288
FG_Justin_Bour,Justin Bour,2018,UNK,0,0.6,5.0,0.27,0.324,0.177,0.248
FG_Renato_Nunez,Renato Nunez,2020,UNK,0,0.2,1.6,0.317,0.347,0.236,0.296
FG_Jorge_Polanco,Jorge Polanco,2020,UNK,0,0.6,5.0,0.292,0.289,0.096,0.155
FG_Trey_Mancini,Trey Mancini,2021,UNK,0,0.9,7.6,0.308,0.326,0.176,0.2319999999999999
FG_Jurickson_Profar,Jurickson Profar,2020,UNK,0,0.9,7.6,0.293,0.335,0.15,0.139
FG_Salvador_Perez,Salvador Perez,2025,UNK,0,0.5,4.2,0.251,0.311,0.209,0.195
FG_Matt_Olson,Matt Olson,2020,UNK,0,0.5,4.2,0.227,0.316,0.229,0.314
FG_Brandon_Belt,Brandon Belt,2019,UNK,0,0.5,4.2,0.275,0.319,0.169,0.206
FG_Kyle_Schwarber,Kyle Schwarber,2020,UNK,0,0.5,4.2,0.219,0.307,0.204,0.295
FG_David_Fletcher,David Fletcher,2021,UNK,0,0.8,6.8,0.287,0.273,0.062,0.09
FG_Josh_Bell,Josh Bell,2017,UNK,0,0.8,6.8,0.278,0.338,0.211,0.1889999999999999
FG_Ryan_McMahon,Ryan McMahon,2019,UNK,0,0.8,6.8,0.323,0.33,0.2,0.297
FG_Kyle_Seager,Kyle Seager,2018,UNK,0,0.6,5.1,0.251,0.288,0.178,0.2189999999999999
FG_Dee_Strange-Gordon,Dee Strange-Gordon,2018,UNK,0,0.3,2.5,0.304,0.277,0.081,0.136
FG_Adolis_Garcia,Adolis Garcia,2025,UNK,0,0.7,6.0,0.267,0.286,0.168,0.247
FG_Nick_Markakis,Nick Markakis,2017,UNK,0,0.7,6.0,0.324,0.321,0.11,0.1639999999999999
FG_Christian_Walker,Christian Walker,2020,UNK,0,0.7,6.0,0.317,0.339,0.188,0.206
FG_Masataka_Yoshida,Masataka Yoshida,2023,UNK,0,0.7,6.0,0.316,0.339,0.156,0.14
FG_Avisail_Garcia,Avisail Garcia,2020,UNK,0,0.4,3.4,0.315,0.296,0.088,0.237
FG_Luke_Voit,Luke Voit,2022,UNK,0,0.4,3.4,0.298,0.311,0.176,0.315
FG_Colin_Moran,Colin Moran,2019,UNK,0,0.4,3.4,0.341,0.315,0.152,0.233
FG_Dexter_Fowler,Dexter Fowler,2019,UNK,0,0.5,4.3,0.294,0.326,0.17,0.247
FG_Miguel_Sano,Miguel Sano,2020,UNK,0,0.5,4.3,0.301,0.317,0.274,0.439
FG_Teoscar_Hernandez,Teoscar Hernandez,2025,UNK,0,0.6,5.2,0.283,0.315,0.207,0.245
FG_Derek_Dietrich,Derek Dietrich,2018,UNK,0,0.4,3.5,0.336,0.326,0.156,0.254
FG_Trevor_Larnach,Trevor Larnach,2025,UNK,0,0.2,1.7,0.295,0.317,0.153,0.215
FG_Brenton_Doyle,Brenton Doyle,2025,UNK,0,0.4,3.5,0.289,0.282,0.143,0.257
FG_Andrew_Vaughn,Andrew Vaughn,2023,UNK,0,0.4,3.5,0.299,0.321,0.171,0.21
FG_Hunter_Pence,Hunter Pence,2017,UNK,0,0.1,0.8,0.301,0.303,0.126,0.1889999999999999
FG_Erik_Gonzalez,Erik Gonzalez,2020,UNK,0,0.2,1.7,0.292,0.262,0.133,0.264
FG_Brooks_Lee,Brooks Lee,2025,UNK,0,0.3,2.6,0.258,0.286,0.133,0.175
FG_Hunter_Renfroe,Hunter Renfroe,2023,UNK,0,0.4,3.6,0.27,0.308,0.183,0.228
FG_Pete_Alonso,Pete Alonso,2020,UNK,0,0.3,2.7,0.242,0.342,0.26,0.255
FG_Rio_Ruiz,Rio Ruiz,2020,UNK,0,0.3,2.7,0.244,0.303,0.205,0.225
FG_Charlie_Blackmon,Charlie Blackmon,2020,UNK,0,0.3,2.7,0.347,0.34,0.145,0.178
FG_Nomar_Mazara,Nomar Mazara,2017,UNK,0,0.2,1.8,0.293,0.317,0.17,0.206
FG_Yolmer_Sanchez,Yolmer Sanchez,2019,UNK,0,0.3,2.8,0.324,0.281,0.069,0.211
FG_Nick_Castellanos,Nick Castellanos,2024,UNK,0,0.2,1.9,0.294,0.321,0.177,0.211
FG_Max_Muncy,Max Muncy,2020,UNK,0,0.2,1.9,0.203,0.316,0.197,0.242
FG_Ryan_McMahon,Ryan McMahon,2020,UNK,0,0.1,0.9,0.286,0.308,0.203,0.342
FG_Bryan_Reynolds,Bryan Reynolds,2020,UNK,0,0.2,1.9,0.231,0.278,0.168,0.2739999999999999
FG_Melky_Cabrera,Melky Cabrera,2017,UNK,0,0.1,1.1,0.299,0.319,0.137,0.111
FG_Jesus_Aguilar,Jesus Aguilar,2020,UNK,0,0.1,1.1,0.306,0.347,0.181,0.185
FG_Domingo_Santana,Domingo Santana,2019,UNK,0,0.1,1.1,0.347,0.326,0.188,0.3229999999999999
FG_Jorge_Soler,Jorge Soler,2021,UNK,0,0.0,0.3,0.25,0.323,0.209,0.236
FG_Ryon_Healy,Ryon Healy,2017,UNK,0,0.0,0.3,0.319,0.32,0.181,0.235
FG_Carlos_Gonzalez,Carlos Gonzalez,2017,UNK,0,0.0,0.4,0.318,0.327,0.162,0.223
FG_Tucker_Barnhart,Tucker Barnhart,2018,UNK,0,0.0,0.1,0.291,0.307,0.124,0.184
FG_Luis_Rengifo,Luis Rengifo,2025,UNK,0,0.0,0.1,0.281,0.275,0.098,0.192
